link_id,creator_id,product_category,created_date
1,447,Fitness,2024-06-12
2,145,Home,2024-03-13
3,201,Fitness,2024-02-15
4,417,Home,2024-04-15
5,212,Beauty,2024-06-08
6,461,Fitness,2024-02-01
7,220,Home,2024-01-06
8,240,Beauty,2024-06-24
9,413,Tech,2024-06-14
10,397,Home,2024-05-24
11,46,Tech,2024-03-14
12,35,Tech,2024-04-23
13,253,Fashion,2024-01-27
14,390,Fitness,2024-02-23
15,82,Home,2024-06-26
16,371,Tech,2024-06-11
17,256,Fashion,2024-03-25
18,197,Beauty,2024-05-06
19,303,Home,2024-06-01
20,409,Tech,2024-06-04
21,450,Fitness,2024-04-20
22,10,Fashion,2024-01-15
23,312,Tech,2024-05-11
24,286,Fitness,2024-04-02
25,242,Tech,2024-05-02
26,251,Home,2024-03-13
27,365,Home,2024-06-03
28,5,Home,2024-06-02
29,119,Fashion,2024-05-26
30,289,Home,2024-04-01
31,374,Fitness,2024-01-17
32,65,Tech,2024-02-12
33,146,Beauty,2024-04-30
34,224,Fitness,2024-02-10
35,239,Fitness,2024-06-18
36,177,Home,2024-06-26
37,267,Fashion,2024-06-16
38,341,Tech,2024-02-08
39,282,Fashion,2024-04-22
40,63,Tech,2024-05-30
41,217,Tech,2024-04-20
42,342,Fashion,2024-06-28
43,315,Fitness,2024-02-16
44,283,Tech,2024-03-03
45,177,Fashion,2024-04-19
46,461,Tech,2024-03-09
47,417,Beauty,2024-02-12
48,98,Fitness,2024-06-24
49,105,Home,2024-02-03
50,99,Tech,2024-02-09
51,385,Beauty,2024-03-01
52,405,Home,2024-06-26
53,496,Home,2024-03-02
54,311,Tech,2024-02-27
55,6,Fashion,2024-06-09
56,476,Tech,2024-03-15
57,465,Beauty,2024-01-16
58,197,Home,2024-03-22
59,351,Tech,2024-04-03
60,133,Fashion,2024-02-17
61,358,Tech,2024-05-17
62,259,Fitness,2024-03-22
63,437,Fashion,2024-02-07
64,23,Beauty,2024-05-06
65,485,Home,2024-01-19
66,53,Tech,2024-06-12
67,165,Fashion,2024-03-03
68,202,Fitness,2024-03-17
69,458,Fashion,2024-06-22
70,83,Fitness,2024-05-10
71,145,Beauty,2024-04-11
72,85,Home,2024-03-05
73,78,Beauty,2024-04-29
74,457,Tech,2024-03-31
75,366,Fashion,2024-01-08
76,1,Fitness,2024-06-27
77,51,Fitness,2024-03-13
78,173,Fashion,2024-05-13
79,205,Fashion,2024-04-16
80,260,Tech,2024-03-29
81,446,Beauty,2024-02-08
82,449,Fitness,2024-04-22
83,369,Tech,2024-01-28
84,488,Beauty,2024-04-06
85,288,Tech,2024-02-06
86,34,Fitness,2024-05-16
87,348,Fashion,2024-03-22
88,95,Fashion,2024-02-25
89,72,Beauty,2024-03-25
90,39,Home,2024-01-02
91,154,Beauty,2024-02-27
92,250,Home,2024-04-16
93,162,Tech,2024-05-02
94,438,Tech,2024-06-16
95,118,Fitness,2024-06-12
96,259,Home,2024-04-23
97,379,Fitness,2024-04-16
98,306,Fashion,2024-02-06
99,268,Home,2024-03-19
100,449,Beauty,2024-04-01
101,54,Fashion,2024-01-18
102,236,Fashion,2024-04-07
103,389,Beauty,2024-03-03
104,478,Fashion,2024-05-29
105,222,Home,2024-05-18
106,251,Fitness,2024-01-04
107,313,Fashion,2024-05-14
108,401,Home,2024-03-01
109,112,Tech,2024-04-16
110,255,Home,2024-02-23
111,303,Fitness,2024-03-28
112,407,Home,2024-03-08
113,207,Beauty,2024-05-08
114,229,Fitness,2024-02-24
115,341,Tech,2024-01-03
116,398,Beauty,2024-06-14
117,66,Home,2024-04-30
118,75,Fitness,2024-05-08
119,435,Tech,2024-04-11
120,103,Beauty,2024-02-07
121,422,Tech,2024-03-25
122,192,Home,2024-06-05
123,252,Tech,2024-05-12
124,226,Fashion,2024-04-01
125,294,Beauty,2024-01-21
126,306,Tech,2024-04-18
127,98,Home,2024-02-16
128,338,Home,2024-03-24
129,286,Tech,2024-03-23
130,335,Home,2024-02-04
131,347,Fitness,2024-03-09
132,435,Fitness,2024-05-08
133,447,Fitness,2024-05-19
134,482,Fashion,2024-01-27
135,308,Tech,2024-02-25
136,249,Fashion,2024-01-23
137,166,Home,2024-06-01
138,481,Fashion,2024-01-21
139,472,Home,2024-03-01
140,335,Home,2024-03-03
141,30,Beauty,2024-05-01
142,247,Fitness,2024-02-21
143,106,Home,2024-03-28
144,51,Beauty,2024-06-01
145,81,Fitness,2024-02-24
146,133,Home,2024-02-15
147,285,Home,2024-02-01
148,388,Fashion,2024-02-24
149,138,Fashion,2024-04-05
150,184,Fitness,2024-05-12
151,401,Home,2024-02-05
152,330,Tech,2024-04-19
153,273,Fashion,2024-06-25
154,340,Fitness,2024-04-15
155,472,Home,2024-02-27
156,69,Home,2024-02-08
157,34,Tech,2024-03-20
158,262,Fitness,2024-04-06
159,53,Home,2024-04-22
160,450,Fashion,2024-03-01
161,205,Tech,2024-05-16
162,126,Fitness,2024-01-06
163,235,Tech,2024-04-18
164,43,Fashion,2024-02-04
165,240,Fitness,2024-02-08
166,459,Tech,2024-05-29
167,371,Beauty,2024-06-17
168,111,Fashion,2024-04-27
169,249,Fashion,2024-01-05
170,151,Fashion,2024-06-18
171,183,Beauty,2024-03-27
172,336,Beauty,2024-03-16
173,95,Home,2024-06-06
174,459,Tech,2024-02-26
175,374,Home,2024-05-06
176,400,Tech,2024-01-29
177,8,Beauty,2024-06-13
178,388,Beauty,2024-03-27
179,360,Home,2024-05-20
180,388,Fitness,2024-06-08
181,184,Home,2024-02-15
182,281,Tech,2024-04-25
183,195,Home,2024-04-21
184,352,Fashion,2024-05-30
185,195,Tech,2024-02-14
186,155,Tech,2024-05-24
187,93,Fitness,2024-04-13
188,160,Beauty,2024-03-25
189,434,Tech,2024-05-13
190,61,Beauty,2024-04-17
191,122,Home,2024-01-18
192,51,Fashion,2024-04-03
193,403,Fitness,2024-05-29
194,277,Beauty,2024-02-02
195,5,Tech,2024-06-06
196,466,Beauty,2024-05-05
197,92,Tech,2024-06-08
198,170,Beauty,2024-06-18
199,317,Tech,2024-05-01
200,22,Home,2024-05-17
201,405,Tech,2024-04-24
202,326,Tech,2024-06-12
203,1,Fashion,2024-06-10
204,133,Tech,2024-01-28
205,233,Fashion,2024-01-11
206,12,Fitness,2024-06-15
207,346,Fashion,2024-02-16
208,46,Home,2024-05-06
209,34,Fashion,2024-05-26
210,433,Fitness,2024-04-27
211,78,Home,2024-05-22
212,218,Beauty,2024-05-05
213,301,Beauty,2024-06-04
214,411,Fashion,2024-05-31
215,73,Fashion,2024-03-12
216,282,Fitness,2024-04-16
217,249,Fitness,2024-05-16
218,47,Tech,2024-06-23
219,121,Fitness,2024-02-02
220,214,Tech,2024-01-19
221,239,Home,2024-03-14
222,56,Fashion,2024-06-16
223,350,Home,2024-06-23
224,107,Fitness,2024-06-05
225,319,Home,2024-06-26
226,48,Home,2024-04-07
227,61,Home,2024-05-20
228,337,Fitness,2024-05-08
229,26,Home,2024-06-10
230,292,Tech,2024-04-02
231,257,Fitness,2024-06-24
232,8,Home,2024-02-17
233,113,Fitness,2024-06-25
234,355,Beauty,2024-03-04
235,253,Tech,2024-03-01
236,180,Home,2024-06-05
237,207,Beauty,2024-02-08
238,303,Beauty,2024-05-07
239,127,Fitness,2024-03-28
240,56,Beauty,2024-01-26
241,214,Tech,2024-01-17
242,14,Tech,2024-03-11
243,474,Fashion,2024-01-13
244,28,Tech,2024-03-09
245,471,Beauty,2024-01-26
246,78,Tech,2024-02-18
247,216,Fitness,2024-01-07
248,386,Fashion,2024-02-27
249,365,Beauty,2024-02-18
250,154,Fashion,2024-04-12
251,14,Beauty,2024-02-22
252,187,Fitness,2024-03-02
253,312,Fashion,2024-01-17
254,371,Home,2024-06-19
255,7,Beauty,2024-01-25
256,3,Home,2024-05-10
257,111,Fashion,2024-01-29
258,407,Home,2024-04-26
259,238,Home,2024-06-08
260,363,Fashion,2024-01-26
261,239,Fitness,2024-05-03
262,493,Home,2024-05-23
263,274,Home,2024-01-25
264,294,Fitness,2024-02-23
265,227,Home,2024-06-04
266,371,Home,2024-03-13
267,15,Home,2024-04-29
268,192,Tech,2024-02-25
269,473,Fitness,2024-03-05
270,119,Home,2024-04-02
271,485,Fitness,2024-03-26
272,28,Beauty,2024-03-20
273,202,Beauty,2024-06-17
274,39,Home,2024-04-17
275,441,Fitness,2024-06-27
276,273,Fitness,2024-04-27
277,231,Fitness,2024-06-05
278,86,Tech,2024-03-23
279,474,Beauty,2024-05-26
280,126,Fitness,2024-06-17
281,300,Fitness,2024-06-21
282,25,Tech,2024-01-15
283,145,Tech,2024-05-10
284,13,Fitness,2024-05-18
285,212,Fashion,2024-06-22
286,25,Fitness,2024-01-30
287,68,Fitness,2024-02-26
288,394,Tech,2024-05-25
289,67,Tech,2024-06-27
290,233,Fitness,2024-05-07
291,109,Fitness,2024-02-17
292,146,Fitness,2024-05-15
293,111,Tech,2024-01-22
294,228,Fitness,2024-01-06
295,111,Fitness,2024-04-13
296,470,Home,2024-02-05
297,34,Fashion,2024-03-19
298,111,Beauty,2024-04-25
299,264,Fashion,2024-02-26
300,424,Home,2024-02-18
301,369,Beauty,2024-06-21
302,236,Fitness,2024-03-22
303,83,Home,2024-03-06
304,42,Fitness,2024-03-17
305,425,Tech,2024-02-14
306,101,Home,2024-03-19
307,6,Tech,2024-01-20
308,180,Home,2024-05-02
309,282,Home,2024-03-07
310,320,Tech,2024-03-23
311,226,Beauty,2024-01-03
312,443,Fashion,2024-03-04
313,440,Fitness,2024-02-09
314,315,Home,2024-02-28
315,365,Fitness,2024-03-02
316,454,Tech,2024-05-11
317,229,Fitness,2024-02-29
318,377,Tech,2024-04-25
319,289,Fitness,2024-03-15
320,437,Fashion,2024-05-01
321,150,Fashion,2024-04-16
322,277,Fashion,2024-04-05
323,198,Fashion,2024-03-31
324,70,Fashion,2024-06-06
325,112,Fashion,2024-05-09
326,4,Tech,2024-03-02
327,350,Home,2024-02-18
328,331,Fitness,2024-05-16
329,446,Fashion,2024-04-01
330,318,Tech,2024-06-07
331,350,Tech,2024-05-03
332,95,Tech,2024-03-01
333,152,Home,2024-02-17
334,311,Fitness,2024-06-01
335,137,Home,2024-06-12
336,247,Beauty,2024-05-15
337,387,Tech,2024-02-27
338,243,Beauty,2024-04-10
339,31,Fashion,2024-04-21
340,40,Fashion,2024-06-21
341,229,Home,2024-03-02
342,36,Fitness,2024-02-08
343,408,Beauty,2024-02-27
344,223,Fitness,2024-04-08
345,6,Home,2024-02-13
346,322,Fashion,2024-01-29
347,468,Fitness,2024-02-28
348,220,Fitness,2024-03-11
349,75,Fashion,2024-04-01
350,4,Beauty,2024-01-09
351,335,Fashion,2024-05-06
352,134,Fitness,2024-05-13
353,118,Beauty,2024-06-05
354,369,Beauty,2024-05-24
355,94,Fashion,2024-05-23
356,486,Fitness,2024-05-10
357,435,Home,2024-01-21
358,62,Fitness,2024-03-04
359,441,Tech,2024-03-30
360,194,Home,2024-02-05
361,335,Beauty,2024-03-02
362,203,Home,2024-06-18
363,392,Beauty,2024-03-16
364,26,Beauty,2024-06-18
365,435,Home,2024-01-13
366,173,Beauty,2024-01-11
367,300,Beauty,2024-02-23
368,133,Tech,2024-01-16
369,326,Fitness,2024-01-08
370,410,Fitness,2024-04-13
371,118,Tech,2024-02-28
372,324,Home,2024-02-26
373,275,Fashion,2024-02-09
374,212,Fashion,2024-05-09
375,225,Fashion,2024-04-03
376,20,Tech,2024-05-17
377,113,Tech,2024-02-13
378,140,Beauty,2024-05-18
379,47,Fashion,2024-03-20
380,1,Home,2024-03-21
381,90,Home,2024-01-02
382,142,Fashion,2024-06-26
383,320,Fashion,2024-05-19
384,38,Fashion,2024-04-24
385,293,Tech,2024-03-30
386,382,Tech,2024-01-23
387,139,Tech,2024-05-25
388,356,Fitness,2024-03-02
389,333,Home,2024-04-22
390,491,Home,2024-05-07
391,259,Beauty,2024-03-02
392,161,Tech,2024-02-07
393,390,Fitness,2024-06-14
394,178,Fitness,2024-03-01
395,10,Home,2024-05-08
396,261,Tech,2024-06-21
397,407,Beauty,2024-06-04
398,138,Tech,2024-05-28
399,172,Fashion,2024-05-01
400,386,Tech,2024-04-19
401,13,Fashion,2024-01-13
402,168,Fashion,2024-06-03
403,130,Beauty,2024-04-09
404,84,Home,2024-05-14
405,321,Tech,2024-01-22
406,319,Fashion,2024-03-14
407,101,Tech,2024-05-11
408,329,Home,2024-01-23
409,273,Home,2024-04-28
410,265,Fitness,2024-03-10
411,459,Home,2024-03-24
412,399,Beauty,2024-04-10
413,408,Fashion,2024-03-24
414,38,Fitness,2024-06-09
415,419,Beauty,2024-01-28
416,94,Tech,2024-05-15
417,95,Fashion,2024-01-01
418,305,Home,2024-06-13
419,69,Fashion,2024-03-03
420,318,Tech,2024-01-22
421,444,Fitness,2024-03-10
422,236,Fitness,2024-05-04
423,434,Fitness,2024-05-28
424,334,Home,2024-04-05
425,373,Beauty,2024-06-11
426,376,Beauty,2024-03-19
427,459,Fashion,2024-01-05
428,137,Home,2024-02-29
429,418,Fitness,2024-04-29
430,76,Fitness,2024-02-15
431,483,Tech,2024-06-26
432,35,Tech,2024-06-24
433,1,Fitness,2024-05-13
434,296,Fitness,2024-02-25
435,320,Home,2024-04-19
436,406,Beauty,2024-06-05
437,60,Tech,2024-04-13
438,320,Beauty,2024-03-17
439,349,Home,2024-05-25
440,328,Fitness,2024-01-02
441,267,Beauty,2024-01-08
442,361,Fitness,2024-03-15
443,229,Fitness,2024-05-04
444,270,Fashion,2024-02-07
445,316,Beauty,2024-06-24
446,286,Beauty,2024-01-27
447,291,Fitness,2024-01-20
448,213,Home,2024-05-19
449,165,Fashion,2024-02-12
450,5,Fitness,2024-01-31
451,339,Tech,2024-03-31
452,379,Tech,2024-03-01
453,78,Fashion,2024-04-18
454,410,Home,2024-03-31
455,62,Fitness,2024-06-11
456,132,Beauty,2024-04-04
457,89,Fashion,2024-05-22
458,237,Home,2024-05-23
459,42,Beauty,2024-01-13
460,89,Tech,2024-04-22
461,402,Tech,2024-02-04
462,296,Beauty,2024-05-28
463,328,Fashion,2024-06-06
464,295,Tech,2024-02-17
465,104,Fitness,2024-02-04
466,14,Beauty,2024-03-26
467,288,Beauty,2024-06-14
468,179,Tech,2024-06-07
469,125,Fashion,2024-05-31
470,422,Fitness,2024-04-23
471,353,Fashion,2024-06-25
472,23,Home,2024-04-09
473,63,Home,2024-06-08
474,143,Tech,2024-04-08
475,481,Tech,2024-01-03
476,153,Tech,2024-03-25
477,145,Home,2024-05-04
478,225,Fashion,2024-05-17
479,495,Fashion,2024-03-23
480,450,Tech,2024-01-25
481,462,Fitness,2024-03-08
482,309,Fashion,2024-03-01
483,104,Home,2024-01-29
484,104,Beauty,2024-05-06
485,435,Beauty,2024-01-19
486,39,Beauty,2024-06-19
487,435,Fitness,2024-03-14
488,198,Tech,2024-03-01
489,134,Home,2024-06-19
490,67,Fitness,2024-06-01
491,391,Home,2024-01-20
492,179,Home,2024-02-17
493,456,Tech,2024-03-27
494,42,Beauty,2024-05-31
495,448,Tech,2024-05-18
496,500,Fitness,2024-04-19
497,15,Fitness,2024-01-28
498,111,Fitness,2024-02-28
499,157,Tech,2024-05-12
500,289,Home,2024-02-20
501,500,Home,2024-05-28
502,478,Fashion,2024-01-12
503,231,Fitness,2024-02-19
504,411,Home,2024-05-11
505,420,Fashion,2024-04-22
506,157,Home,2024-06-18
507,38,Fitness,2024-06-14
508,441,Beauty,2024-06-01
509,97,Fitness,2024-01-14
510,485,Tech,2024-02-01
511,411,Home,2024-05-18
512,439,Home,2024-05-25
513,289,Tech,2024-06-03
514,254,Tech,2024-02-24
515,196,Beauty,2024-04-29
516,86,Home,2024-03-15
517,322,Home,2024-01-21
518,10,Beauty,2024-06-20
519,5,Fashion,2024-05-12
520,123,Beauty,2024-03-27
521,330,Fitness,2024-06-17
522,353,Home,2024-02-28
523,118,Tech,2024-03-29
524,294,Fitness,2024-05-29
525,397,Home,2024-03-23
526,159,Beauty,2024-03-05
527,303,Fitness,2024-03-04
528,228,Home,2024-03-11
529,365,Fashion,2024-01-04
530,216,Fashion,2024-05-22
531,436,Tech,2024-04-13
532,184,Home,2024-05-29
533,15,Fashion,2024-06-23
534,157,Beauty,2024-04-02
535,136,Home,2024-06-22
536,261,Beauty,2024-05-21
537,157,Beauty,2024-06-26
538,47,Fashion,2024-05-27
539,324,Home,2024-06-26
540,332,Fitness,2024-04-21
541,173,Fashion,2024-06-09
542,130,Fashion,2024-04-28
543,411,Home,2024-02-28
544,95,Home,2024-02-12
545,115,Beauty,2024-01-12
546,243,Home,2024-02-09
547,420,Beauty,2024-04-27
548,292,Fashion,2024-01-20
549,282,Tech,2024-06-14
550,299,Fitness,2024-05-10
551,283,Fashion,2024-06-04
552,69,Home,2024-03-30
553,148,Fitness,2024-04-03
554,11,Tech,2024-01-13
555,254,Tech,2024-03-06
556,330,Beauty,2024-02-06
557,360,Fitness,2024-06-25
558,38,Beauty,2024-03-06
559,134,Fashion,2024-02-05
560,200,Fitness,2024-01-26
561,23,Fashion,2024-03-15
562,303,Beauty,2024-04-17
563,346,Fitness,2024-06-16
564,302,Beauty,2024-02-12
565,363,Fitness,2024-05-29
566,396,Beauty,2024-05-27
567,218,Tech,2024-01-08
568,141,Beauty,2024-01-29
569,104,Tech,2024-02-09
570,446,Beauty,2024-06-06
571,210,Fitness,2024-05-07
572,473,Fitness,2024-03-24
573,481,Fitness,2024-04-25
574,111,Home,2024-05-23
575,104,Fashion,2024-06-22
576,316,Fitness,2024-03-02
577,171,Tech,2024-01-07
578,460,Fitness,2024-02-14
579,492,Home,2024-06-24
580,356,Tech,2024-06-03
581,496,Home,2024-03-28
582,324,Tech,2024-03-13
583,133,Beauty,2024-06-11
584,376,Fashion,2024-06-27
585,293,Fashion,2024-02-06
586,328,Home,2024-04-28
587,127,Fashion,2024-02-26
588,106,Home,2024-01-08
589,497,Home,2024-04-04
590,92,Home,2024-04-26
591,287,Fashion,2024-04-19
592,378,Home,2024-01-20
593,393,Fashion,2024-05-03
594,51,Home,2024-02-22
595,29,Fitness,2024-04-28
596,462,Home,2024-01-12
597,296,Tech,2024-06-25
598,297,Home,2024-01-17
599,214,Beauty,2024-03-04
600,267,Home,2024-02-11
601,407,Tech,2024-04-03
602,257,Tech,2024-06-05
603,302,Fashion,2024-05-26
604,101,Fitness,2024-01-11
605,405,Home,2024-04-07
606,346,Fashion,2024-06-26
607,110,Fitness,2024-03-11
608,420,Home,2024-04-17
609,182,Beauty,2024-02-27
610,471,Home,2024-02-03
611,313,Tech,2024-01-20
612,1,Tech,2024-02-19
613,319,Beauty,2024-04-11
614,438,Fashion,2024-05-17
615,55,Fitness,2024-06-08
616,371,Home,2024-02-21
617,424,Tech,2024-01-15
618,399,Fashion,2024-03-24
619,149,Beauty,2024-05-10
620,431,Tech,2024-02-06
621,457,Beauty,2024-05-05
622,309,Home,2024-02-09
623,137,Fitness,2024-03-12
624,202,Tech,2024-02-09
625,436,Tech,2024-02-25
626,313,Home,2024-05-30
627,117,Fashion,2024-04-13
628,154,Fitness,2024-05-18
629,425,Tech,2024-04-19
630,291,Fitness,2024-05-15
631,63,Tech,2024-04-02
632,244,Fitness,2024-04-03
633,25,Beauty,2024-02-25
634,90,Tech,2024-02-29
635,75,Fitness,2024-05-17
636,294,Fashion,2024-02-08
637,386,Beauty,2024-01-28
638,391,Beauty,2024-02-18
639,210,Fashion,2024-06-12
640,475,Fitness,2024-05-04
641,418,Home,2024-01-13
642,347,Fashion,2024-02-05
643,17,Fitness,2024-04-10
644,128,Fashion,2024-01-26
645,427,Fashion,2024-03-26
646,443,Tech,2024-01-04
647,364,Fitness,2024-03-22
648,251,Home,2024-06-14
649,179,Tech,2024-05-06
650,182,Fashion,2024-03-28
651,152,Fashion,2024-05-06
652,25,Fashion,2024-04-29
653,455,Fitness,2024-01-22
654,180,Fitness,2024-05-09
655,198,Tech,2024-01-31
656,344,Home,2024-04-28
657,161,Tech,2024-01-11
658,177,Beauty,2024-02-15
659,285,Fashion,2024-04-05
660,63,Fashion,2024-01-10
661,491,Fashion,2024-06-16
662,150,Tech,2024-05-07
663,154,Tech,2024-05-31
664,156,Fashion,2024-04-08
665,370,Tech,2024-06-20
666,469,Fitness,2024-04-21
667,49,Fitness,2024-02-29
668,455,Tech,2024-03-27
669,337,Fashion,2024-05-24
670,84,Tech,2024-03-05
671,361,Tech,2024-02-26
672,177,Tech,2024-04-15
673,148,Beauty,2024-01-09
674,118,Fitness,2024-01-22
675,342,Home,2024-05-20
676,476,Home,2024-03-29
677,63,Beauty,2024-06-24
678,189,Tech,2024-01-18
679,360,Beauty,2024-04-24
680,49,Beauty,2024-06-16
681,327,Fashion,2024-05-24
682,257,Fitness,2024-05-22
683,224,Home,2024-04-15
684,141,Tech,2024-01-15
685,478,Home,2024-03-03
686,215,Home,2024-06-15
687,435,Fitness,2024-01-13
688,379,Home,2024-03-21
689,440,Home,2024-02-01
690,211,Beauty,2024-05-16
691,318,Fitness,2024-02-09
692,32,Fashion,2024-05-27
693,158,Tech,2024-03-22
694,285,Home,2024-03-17
695,305,Tech,2024-03-16
696,429,Fashion,2024-06-20
697,477,Tech,2024-02-07
698,286,Fashion,2024-03-11
699,144,Beauty,2024-02-17
700,424,Home,2024-01-18
701,19,Fashion,2024-05-23
702,18,Tech,2024-02-08
703,257,Home,2024-03-29
704,78,Beauty,2024-03-02
705,371,Home,2024-05-20
706,175,Fashion,2024-04-18
707,498,Beauty,2024-03-21
708,194,Tech,2024-05-13
709,476,Beauty,2024-03-17
710,113,Beauty,2024-03-30
711,114,Fitness,2024-01-14
712,222,Beauty,2024-04-04
713,166,Beauty,2024-02-23
714,435,Home,2024-05-11
715,319,Tech,2024-02-08
716,132,Home,2024-03-12
717,385,Home,2024-01-25
718,264,Fashion,2024-03-17
719,413,Home,2024-06-08
720,55,Fitness,2024-06-14
721,359,Fitness,2024-04-29
722,131,Fashion,2024-02-22
723,288,Tech,2024-06-04
724,266,Tech,2024-05-10
725,458,Home,2024-05-29
726,467,Home,2024-04-05
727,366,Home,2024-06-14
728,162,Tech,2024-03-12
729,380,Beauty,2024-03-02
730,481,Fitness,2024-01-06
731,87,Beauty,2024-02-01
732,55,Beauty,2024-04-08
733,476,Tech,2024-05-17
734,288,Beauty,2024-05-10
735,178,Fashion,2024-03-16
736,391,Home,2024-06-25
737,349,Fashion,2024-02-28
738,8,Fitness,2024-01-31
739,321,Home,2024-04-02
740,313,Beauty,2024-03-09
741,247,Fitness,2024-02-21
742,323,Home,2024-03-29
743,472,Beauty,2024-05-06
744,471,Fashion,2024-06-17
745,443,Home,2024-01-31
746,255,Beauty,2024-03-24
747,328,Fashion,2024-05-06
748,54,Fitness,2024-05-29
749,249,Fitness,2024-05-11
750,239,Fitness,2024-01-13
751,229,Fitness,2024-02-14
752,67,Tech,2024-05-06
753,51,Home,2024-06-18
754,97,Home,2024-04-23
755,92,Tech,2024-06-25
756,495,Beauty,2024-01-20
757,264,Beauty,2024-03-21
758,418,Fitness,2024-06-12
759,291,Fashion,2024-05-08
760,96,Beauty,2024-05-22
761,88,Fashion,2024-01-17
762,78,Home,2024-05-31
763,288,Fashion,2024-02-27
764,120,Home,2024-03-12
765,302,Tech,2024-04-18
766,491,Tech,2024-01-23
767,400,Fitness,2024-06-22
768,452,Beauty,2024-03-12
769,500,Fitness,2024-01-08
770,165,Home,2024-02-28
771,182,Fitness,2024-04-20
772,469,Fashion,2024-01-13
773,398,Home,2024-06-15
774,223,Tech,2024-06-04
775,311,Beauty,2024-01-16
776,432,Home,2024-04-28
777,466,Home,2024-01-02
778,7,Fashion,2024-05-24
779,330,Beauty,2024-01-30
780,263,Tech,2024-04-12
781,161,Home,2024-01-13
782,151,Home,2024-04-05
783,85,Fashion,2024-04-03
784,147,Fitness,2024-03-22
785,112,Tech,2024-01-13
786,381,Beauty,2024-06-19
787,403,Home,2024-04-03
788,36,Home,2024-05-28
789,285,Tech,2024-04-21
790,188,Fitness,2024-02-24
791,82,Home,2024-03-21
792,2,Tech,2024-06-16
793,385,Fashion,2024-04-25
794,303,Fitness,2024-05-22
795,197,Beauty,2024-06-28
796,404,Home,2024-04-17
797,11,Tech,2024-02-22
798,234,Fashion,2024-05-07
799,386,Beauty,2024-06-28
800,195,Tech,2024-06-06
801,471,Tech,2024-06-09
802,119,Beauty,2024-02-26
803,396,Fashion,2024-02-21
804,20,Fashion,2024-05-16
805,261,Fitness,2024-04-20
806,293,Home,2024-01-01
807,422,Beauty,2024-02-13
808,256,Beauty,2024-03-15
809,222,Beauty,2024-04-07
810,393,Fashion,2024-01-09
811,226,Home,2024-02-01
812,53,Fitness,2024-01-15
813,428,Tech,2024-05-19
814,355,Tech,2024-05-15
815,500,Beauty,2024-03-12
816,342,Home,2024-06-03
817,364,Fashion,2024-01-12
818,280,Home,2024-03-05
819,81,Home,2024-04-16
820,202,Fashion,2024-02-11
821,158,Beauty,2024-04-24
822,120,Home,2024-05-18
823,59,Tech,2024-04-12
824,494,Fashion,2024-06-19
825,215,Fitness,2024-04-04
826,128,Beauty,2024-01-17
827,224,Fashion,2024-06-08
828,209,Fitness,2024-03-25
829,370,Fitness,2024-06-16
830,115,Home,2024-05-30
831,209,Home,2024-02-25
832,14,Home,2024-05-13
833,9,Fashion,2024-03-26
834,40,Fashion,2024-06-26
835,450,Beauty,2024-04-11
836,237,Home,2024-06-13
837,281,Fitness,2024-02-23
838,359,Tech,2024-06-25
839,201,Beauty,2024-04-24
840,246,Fashion,2024-05-18
841,278,Beauty,2024-03-28
842,235,Beauty,2024-02-18
843,494,Beauty,2024-05-28
844,4,Beauty,2024-04-24
845,154,Tech,2024-03-03
846,442,Home,2024-04-13
847,29,Fitness,2024-03-23
848,109,Beauty,2024-04-12
849,98,Beauty,2024-06-04
850,215,Beauty,2024-01-17
851,293,Home,2024-01-06
852,75,Fashion,2024-05-26
853,326,Fashion,2024-01-28
854,146,Tech,2024-02-07
855,128,Fashion,2024-04-28
856,341,Beauty,2024-02-06
857,42,Beauty,2024-04-24
858,356,Beauty,2024-03-08
859,41,Tech,2024-06-25
860,422,Beauty,2024-02-12
861,34,Fashion,2024-06-12
862,17,Home,2024-02-27
863,165,Home,2024-01-13
864,153,Fitness,2024-02-21
865,486,Fashion,2024-02-27
866,378,Beauty,2024-02-01
867,76,Home,2024-04-14
868,87,Fashion,2024-03-23
869,117,Home,2024-04-08
870,362,Beauty,2024-04-13
871,342,Home,2024-01-28
872,469,Fitness,2024-05-08
873,27,Fitness,2024-06-18
874,313,Home,2024-02-17
875,287,Fashion,2024-02-09
876,134,Fashion,2024-04-06
877,219,Fashion,2024-04-23
878,168,Home,2024-05-11
879,98,Fashion,2024-06-14
880,268,Beauty,2024-06-03
881,237,Fitness,2024-05-16
882,309,Beauty,2024-04-20
883,455,Fashion,2024-05-23
884,394,Beauty,2024-03-16
885,173,Fashion,2024-01-31
886,401,Home,2024-04-28
887,410,Beauty,2024-05-21
888,469,Home,2024-01-25
889,476,Home,2024-02-03
890,190,Tech,2024-03-07
891,122,Fashion,2024-05-31
892,46,Fitness,2024-04-27
893,64,Fashion,2024-03-13
894,130,Fitness,2024-01-26
895,310,Fashion,2024-05-27
896,363,Home,2024-04-13
897,193,Beauty,2024-01-10
898,307,Beauty,2024-03-07
899,181,Tech,2024-05-31
900,292,Fitness,2024-01-05
901,371,Fitness,2024-01-27
902,282,Fitness,2024-04-22
903,29,Home,2024-01-15
904,149,Fitness,2024-06-11
905,267,Beauty,2024-04-14
906,296,Home,2024-02-13
907,11,Fashion,2024-01-26
908,164,Fitness,2024-06-23
909,113,Fitness,2024-06-10
910,187,Fashion,2024-04-04
911,295,Fitness,2024-06-26
912,232,Fashion,2024-03-24
913,227,Home,2024-05-19
914,310,Beauty,2024-05-11
915,98,Fashion,2024-03-27
916,55,Tech,2024-06-24
917,111,Fashion,2024-04-21
918,152,Fitness,2024-05-08
919,246,Home,2024-03-29
920,406,Home,2024-03-06
921,69,Fashion,2024-06-06
922,312,Beauty,2024-05-10
923,289,Tech,2024-05-01
924,250,Home,2024-05-28
925,36,Fitness,2024-03-24
926,239,Fitness,2024-06-25
927,148,Beauty,2024-04-25
928,467,Home,2024-04-25
929,227,Fashion,2024-02-07
930,244,Fitness,2024-05-22
931,491,Beauty,2024-04-19
932,337,Home,2024-06-28
933,446,Home,2024-02-15
934,365,Home,2024-01-25
935,491,Home,2024-01-21
936,482,Home,2024-04-30
937,201,Fitness,2024-05-01
938,154,Beauty,2024-05-12
939,450,Home,2024-03-10
940,73,Tech,2024-04-22
941,201,Tech,2024-04-16
942,296,Beauty,2024-04-21
943,17,Fashion,2024-04-17
944,129,Fashion,2024-02-16
945,217,Fashion,2024-03-31
946,61,Tech,2024-01-18
947,427,Fashion,2024-05-28
948,104,Fitness,2024-04-13
949,42,Home,2024-05-30
950,25,Tech,2024-02-09
951,39,Beauty,2024-05-17
952,291,Beauty,2024-03-29
953,131,Home,2024-06-28
954,498,Tech,2024-03-01
955,229,Fashion,2024-01-05
956,108,Fashion,2024-05-01
957,172,Fitness,2024-02-24
958,435,Fitness,2024-02-06
959,478,Fashion,2024-02-25
960,102,Beauty,2024-04-11
961,354,Beauty,2024-04-02
962,12,Fitness,2024-03-13
963,275,Home,2024-02-28
964,101,Fashion,2024-01-02
965,44,Fitness,2024-04-13
966,443,Fitness,2024-02-20
967,305,Fashion,2024-01-30
968,445,Fashion,2024-01-11
969,17,Beauty,2024-04-17
970,330,Home,2024-03-16
971,57,Home,2024-06-15
972,311,Fashion,2024-03-30
973,497,Tech,2024-05-02
974,303,Fitness,2024-05-04
975,12,Fitness,2024-05-01
976,318,Fashion,2024-04-03
977,80,Tech,2024-04-12
978,216,Beauty,2024-06-10
979,339,Fashion,2024-01-31
980,264,Fashion,2024-02-21
981,479,Fitness,2024-03-29
982,149,Fashion,2024-03-16
983,81,Fashion,2024-05-08
984,215,Fashion,2024-01-22
985,485,Fitness,2024-02-09
986,374,Beauty,2024-04-10
987,464,Beauty,2024-04-20
988,198,Fashion,2024-05-08
989,200,Fitness,2024-03-05
990,25,Beauty,2024-06-18
991,466,Beauty,2024-05-28
992,89,Beauty,2024-03-19
993,268,Fitness,2024-01-22
994,143,Fitness,2024-06-14
995,59,Fashion,2024-04-08
996,410,Home,2024-01-08
997,489,Beauty,2024-06-23
998,365,Home,2024-01-17
999,26,Fitness,2024-01-17
1000,47,Fitness,2024-03-30
1001,288,Fitness,2024-05-20
1002,266,Home,2024-05-24
1003,16,Fitness,2024-06-14
1004,199,Fashion,2024-03-21
1005,401,Fitness,2024-03-18
1006,407,Tech,2024-06-21
1007,282,Home,2024-01-06
1008,469,Tech,2024-06-11
1009,86,Fitness,2024-04-19
1010,250,Fashion,2024-01-14
1011,391,Beauty,2024-03-12
1012,270,Fitness,2024-05-22
1013,335,Fashion,2024-02-23
1014,117,Home,2024-01-27
1015,7,Tech,2024-01-13
1016,137,Tech,2024-06-07
1017,371,Tech,2024-06-11
1018,176,Home,2024-02-29
1019,328,Fashion,2024-01-06
1020,498,Home,2024-02-27
1021,315,Tech,2024-02-18
1022,215,Fitness,2024-05-30
1023,477,Beauty,2024-06-10
1024,82,Home,2024-01-26
1025,223,Home,2024-02-16
1026,478,Fashion,2024-01-05
1027,372,Fashion,2024-01-20
1028,423,Home,2024-05-13
1029,483,Tech,2024-02-28
1030,402,Beauty,2024-05-25
1031,443,Fashion,2024-05-11
1032,490,Tech,2024-01-17
1033,103,Fitness,2024-01-14
1034,273,Fashion,2024-01-13
1035,14,Tech,2024-05-14
1036,159,Tech,2024-05-07
1037,152,Beauty,2024-02-13
1038,483,Beauty,2024-04-28
1039,108,Fitness,2024-05-22
1040,188,Tech,2024-01-19
1041,301,Tech,2024-03-03
1042,98,Beauty,2024-06-11
1043,131,Fashion,2024-03-21
1044,293,Fashion,2024-06-11
1045,171,Home,2024-05-26
1046,424,Beauty,2024-05-27
1047,474,Home,2024-04-09
1048,183,Beauty,2024-06-11
1049,471,Fitness,2024-06-08
1050,364,Tech,2024-05-01
1051,39,Fitness,2024-06-24
1052,15,Beauty,2024-02-13
1053,376,Tech,2024-04-13
1054,497,Fashion,2024-05-31
1055,4,Fashion,2024-03-01
1056,349,Home,2024-05-04
1057,470,Beauty,2024-05-24
1058,409,Beauty,2024-03-11
1059,397,Fashion,2024-04-16
1060,210,Fitness,2024-02-19
1061,161,Tech,2024-03-05
1062,16,Fitness,2024-04-08
1063,493,Fitness,2024-02-01
1064,426,Fashion,2024-06-12
1065,108,Fashion,2024-05-20
1066,382,Fashion,2024-02-27
1067,450,Home,2024-05-07
1068,311,Fitness,2024-05-21
1069,227,Beauty,2024-06-13
1070,170,Tech,2024-04-21
1071,34,Home,2024-03-08
1072,414,Beauty,2024-02-09
1073,251,Fitness,2024-05-23
1074,247,Fashion,2024-05-11
1075,269,Fitness,2024-06-21
1076,141,Tech,2024-03-30
1077,274,Home,2024-01-28
1078,416,Home,2024-04-05
1079,96,Tech,2024-01-31
1080,227,Beauty,2024-01-03
1081,379,Beauty,2024-05-15
1082,39,Home,2024-01-24
1083,302,Home,2024-01-15
1084,500,Fashion,2024-06-19
1085,29,Beauty,2024-06-07
1086,446,Tech,2024-02-14
1087,497,Beauty,2024-01-08
1088,477,Fashion,2024-03-11
1089,318,Home,2024-04-17
1090,245,Home,2024-04-24
1091,236,Fashion,2024-04-12
1092,185,Tech,2024-05-04
1093,272,Home,2024-02-26
1094,440,Fitness,2024-01-30
1095,236,Home,2024-05-25
1096,239,Fitness,2024-04-23
1097,377,Fashion,2024-04-26
1098,266,Fashion,2024-06-15
1099,414,Home,2024-02-29
1100,409,Beauty,2024-04-07
1101,359,Fitness,2024-06-19
1102,340,Tech,2024-05-05
1103,389,Home,2024-06-21
1104,65,Tech,2024-05-30
1105,478,Home,2024-04-03
1106,177,Beauty,2024-05-13
1107,3,Beauty,2024-05-01
1108,429,Beauty,2024-04-17
1109,142,Beauty,2024-01-04
1110,376,Fashion,2024-04-02
1111,158,Fashion,2024-05-30
1112,498,Fitness,2024-01-06
1113,324,Tech,2024-02-01
1114,146,Home,2024-04-15
1115,446,Home,2024-05-25
1116,293,Fashion,2024-01-15
1117,153,Home,2024-06-16
1118,432,Fashion,2024-05-01
1119,193,Fitness,2024-04-05
1120,437,Tech,2024-01-06
1121,494,Fitness,2024-04-21
1122,463,Beauty,2024-04-29
1123,73,Beauty,2024-05-02
1124,399,Beauty,2024-03-07
1125,305,Fitness,2024-04-15
1126,377,Home,2024-05-18
1127,344,Tech,2024-02-12
1128,452,Beauty,2024-05-24
1129,140,Beauty,2024-04-05
1130,187,Beauty,2024-05-11
1131,293,Tech,2024-03-21
1132,61,Beauty,2024-02-10
1133,485,Tech,2024-05-12
1134,427,Beauty,2024-06-08
1135,380,Fitness,2024-02-04
1136,198,Fitness,2024-01-22
1137,295,Tech,2024-05-29
1138,440,Fitness,2024-04-21
1139,319,Tech,2024-01-11
1140,302,Fitness,2024-01-03
1141,344,Fitness,2024-05-16
1142,11,Tech,2024-02-29
1143,62,Home,2024-03-16
1144,333,Fitness,2024-03-27
1145,226,Beauty,2024-01-14
1146,153,Home,2024-01-18
1147,199,Tech,2024-04-22
1148,52,Home,2024-03-13
1149,260,Fashion,2024-01-23
1150,59,Fashion,2024-03-23
1151,72,Fitness,2024-05-04
1152,148,Fitness,2024-06-23
1153,349,Beauty,2024-03-09
1154,63,Home,2024-02-16
1155,310,Fashion,2024-04-25
1156,373,Fitness,2024-01-30
1157,243,Home,2024-01-25
1158,493,Fitness,2024-06-04
1159,366,Fitness,2024-04-21
1160,330,Fashion,2024-01-25
1161,107,Fashion,2024-03-14
1162,226,Fitness,2024-02-27
1163,313,Tech,2024-04-03
1164,218,Fitness,2024-04-28
1165,425,Fitness,2024-05-06
1166,241,Beauty,2024-06-17
1167,259,Beauty,2024-01-25
1168,376,Beauty,2024-03-18
1169,262,Tech,2024-04-08
1170,5,Tech,2024-04-25
1171,261,Fitness,2024-02-17
1172,54,Beauty,2024-01-10
1173,47,Tech,2024-04-08
1174,215,Fashion,2024-01-11
1175,177,Fitness,2024-03-25
1176,9,Home,2024-05-28
1177,99,Fitness,2024-06-21
1178,20,Home,2024-05-14
1179,378,Beauty,2024-05-05
1180,241,Home,2024-03-04
1181,61,Beauty,2024-01-02
1182,379,Fashion,2024-03-16
1183,490,Home,2024-04-30
1184,419,Fitness,2024-02-11
1185,178,Beauty,2024-02-23
1186,338,Fitness,2024-03-15
1187,62,Tech,2024-01-16
1188,145,Beauty,2024-01-18
1189,216,Home,2024-03-30
1190,3,Beauty,2024-05-23
1191,160,Fitness,2024-01-06
1192,227,Fashion,2024-04-17
1193,486,Beauty,2024-06-23
1194,269,Home,2024-02-17
1195,120,Tech,2024-02-11
1196,381,Fashion,2024-03-16
1197,495,Tech,2024-03-17
1198,89,Beauty,2024-05-11
1199,329,Fitness,2024-05-09
1200,68,Fitness,2024-02-28
1201,398,Home,2024-06-03
1202,357,Fitness,2024-01-27
1203,98,Fashion,2024-03-19
1204,267,Fitness,2024-03-12
1205,105,Home,2024-01-07
1206,440,Beauty,2024-04-20
1207,323,Beauty,2024-04-28
1208,123,Fitness,2024-06-22
1209,476,Tech,2024-03-03
1210,29,Beauty,2024-05-03
1211,137,Fitness,2024-01-12
1212,195,Home,2024-05-20
1213,409,Fitness,2024-02-12
1214,226,Beauty,2024-01-17
1215,332,Home,2024-03-03
1216,170,Fitness,2024-04-29
1217,9,Fashion,2024-02-05
1218,463,Home,2024-01-08
1219,40,Fashion,2024-03-09
1220,25,Tech,2024-03-30
1221,261,Home,2024-02-05
1222,395,Fashion,2024-01-28
1223,443,Beauty,2024-04-27
1224,226,Beauty,2024-04-02
1225,472,Tech,2024-06-23
1226,124,Home,2024-03-16
1227,463,Home,2024-04-10
1228,38,Home,2024-06-06
1229,328,Tech,2024-05-30
1230,251,Home,2024-05-23
1231,389,Beauty,2024-01-14
1232,176,Fashion,2024-03-11
1233,90,Beauty,2024-06-28
1234,402,Beauty,2024-05-03
1235,454,Fashion,2024-05-04
1236,37,Beauty,2024-02-06
1237,316,Tech,2024-01-29
1238,176,Fashion,2024-05-22
1239,461,Beauty,2024-06-23
1240,284,Fitness,2024-06-22
1241,453,Beauty,2024-06-28
1242,461,Tech,2024-01-19
1243,81,Home,2024-04-15
1244,114,Beauty,2024-01-21
1245,40,Home,2024-03-04
1246,301,Fitness,2024-06-13
1247,224,Beauty,2024-01-27
1248,318,Fashion,2024-02-24
1249,349,Home,2024-01-29
1250,115,Fitness,2024-05-27
1251,186,Fashion,2024-01-25
1252,323,Fashion,2024-03-10
1253,56,Fashion,2024-03-03
1254,40,Fashion,2024-06-12
1255,354,Beauty,2024-05-09
1256,40,Beauty,2024-05-29
1257,347,Beauty,2024-01-16
1258,461,Fitness,2024-05-25
1259,237,Fitness,2024-04-09
1260,289,Fitness,2024-01-30
1261,262,Tech,2024-02-14
1262,216,Fitness,2024-01-19
1263,147,Beauty,2024-02-03
1264,336,Beauty,2024-05-20
1265,168,Tech,2024-06-19
1266,92,Tech,2024-03-02
1267,353,Fitness,2024-04-27
1268,59,Home,2024-04-09
1269,59,Tech,2024-01-22
1270,304,Fashion,2024-06-28
1271,169,Beauty,2024-06-28
1272,269,Fashion,2024-04-20
1273,363,Beauty,2024-06-12
1274,45,Beauty,2024-03-13
1275,345,Tech,2024-05-26
1276,181,Tech,2024-02-07
1277,170,Fashion,2024-03-10
1278,356,Beauty,2024-04-25
1279,191,Fashion,2024-03-19
1280,155,Home,2024-05-27
1281,422,Fashion,2024-01-09
1282,188,Fitness,2024-02-01
1283,7,Fashion,2024-05-11
1284,133,Fitness,2024-02-19
1285,235,Fitness,2024-03-22
1286,45,Fitness,2024-01-05
1287,314,Home,2024-05-27
1288,249,Fashion,2024-03-27
1289,499,Fashion,2024-05-05
1290,31,Home,2024-03-15
1291,23,Beauty,2024-06-13
1292,426,Tech,2024-01-22
1293,394,Fashion,2024-03-08
1294,160,Tech,2024-02-13
1295,363,Home,2024-02-03
1296,437,Beauty,2024-03-17
1297,158,Beauty,2024-02-11
1298,39,Beauty,2024-05-16
1299,415,Home,2024-04-15
1300,82,Fitness,2024-04-04
1301,356,Fitness,2024-05-14
1302,258,Tech,2024-03-08
1303,206,Fitness,2024-05-26
1304,77,Fitness,2024-06-07
1305,477,Beauty,2024-05-07
1306,12,Beauty,2024-06-11
1307,295,Tech,2024-03-25
1308,450,Fashion,2024-06-07
1309,224,Tech,2024-03-23
1310,13,Tech,2024-04-04
1311,46,Home,2024-02-01
1312,155,Home,2024-03-06
1313,113,Tech,2024-04-25
1314,233,Tech,2024-05-17
1315,17,Tech,2024-05-09
1316,360,Fitness,2024-02-29
1317,223,Home,2024-01-17
1318,354,Tech,2024-04-05
1319,188,Beauty,2024-05-23
1320,448,Beauty,2024-01-16
1321,344,Fitness,2024-02-15
1322,365,Fitness,2024-06-15
1323,163,Fashion,2024-06-07
1324,496,Fashion,2024-04-16
1325,326,Fashion,2024-03-28
1326,467,Fitness,2024-05-08
1327,414,Fitness,2024-05-18
1328,455,Fitness,2024-04-28
1329,74,Beauty,2024-03-25
1330,233,Fitness,2024-01-04
1331,224,Beauty,2024-03-11
1332,482,Fashion,2024-06-02
1333,319,Fashion,2024-04-20
1334,412,Fashion,2024-02-19
1335,60,Tech,2024-05-19
1336,335,Tech,2024-04-04
1337,222,Home,2024-04-01
1338,37,Home,2024-03-05
1339,477,Home,2024-02-16
1340,278,Tech,2024-04-15
1341,196,Tech,2024-05-09
1342,404,Home,2024-04-15
1343,352,Home,2024-01-24
1344,484,Fitness,2024-01-04
1345,242,Home,2024-04-17
1346,324,Fitness,2024-01-19
1347,219,Beauty,2024-06-02
1348,192,Tech,2024-02-09
1349,17,Home,2024-02-19
1350,12,Tech,2024-06-19
1351,406,Tech,2024-03-15
1352,401,Tech,2024-01-12
1353,394,Beauty,2024-01-27
1354,374,Fashion,2024-04-22
1355,193,Home,2024-02-18
1356,22,Fashion,2024-05-23
1357,474,Fashion,2024-05-09
1358,120,Fashion,2024-02-29
1359,210,Tech,2024-01-30
1360,306,Fitness,2024-03-24
1361,270,Tech,2024-06-14
1362,192,Tech,2024-01-28
1363,175,Fashion,2024-01-25
1364,285,Tech,2024-04-05
1365,204,Fashion,2024-05-04
1366,164,Fitness,2024-01-10
1367,251,Home,2024-02-11
1368,227,Fashion,2024-02-09
1369,436,Fitness,2024-03-17
1370,381,Home,2024-04-14
1371,460,Beauty,2024-04-27
1372,7,Fashion,2024-02-11
1373,29,Fashion,2024-02-16
1374,395,Beauty,2024-06-13
1375,33,Beauty,2024-01-22
1376,134,Fashion,2024-04-16
1377,367,Beauty,2024-01-27
1378,79,Tech,2024-02-10
1379,416,Home,2024-03-20
1380,435,Home,2024-06-10
1381,459,Home,2024-06-08
1382,58,Tech,2024-03-29
1383,471,Beauty,2024-03-06
1384,26,Fitness,2024-01-12
1385,482,Beauty,2024-06-16
1386,430,Fashion,2024-03-13
1387,226,Home,2024-03-16
1388,285,Beauty,2024-03-30
1389,4,Fitness,2024-01-10
1390,465,Fashion,2024-04-05
1391,99,Tech,2024-06-24
1392,397,Tech,2024-01-20
1393,489,Fitness,2024-02-08
1394,39,Fashion,2024-02-29
1395,271,Home,2024-03-06
1396,375,Beauty,2024-03-05
1397,285,Fashion,2024-06-27
1398,157,Tech,2024-05-03
1399,75,Fitness,2024-06-12
1400,372,Fitness,2024-05-31
1401,288,Beauty,2024-06-03
1402,130,Fitness,2024-05-09
1403,175,Fitness,2024-06-07
1404,462,Fashion,2024-02-26
1405,84,Home,2024-03-18
1406,22,Beauty,2024-01-29
1407,459,Fashion,2024-01-15
1408,27,Home,2024-01-12
1409,195,Fashion,2024-04-10
1410,337,Fashion,2024-06-04
1411,382,Fitness,2024-03-24
1412,236,Home,2024-05-04
1413,440,Beauty,2024-04-12
1414,92,Beauty,2024-01-24
1415,477,Home,2024-05-28
1416,21,Fitness,2024-05-17
1417,303,Tech,2024-04-19
1418,464,Fashion,2024-03-18
1419,357,Fitness,2024-04-10
1420,443,Home,2024-05-25
1421,84,Fashion,2024-05-21
1422,262,Beauty,2024-06-10
1423,147,Tech,2024-05-07
1424,441,Beauty,2024-02-27
1425,453,Home,2024-03-16
1426,387,Fashion,2024-05-29
1427,257,Home,2024-02-05
1428,58,Fashion,2024-06-21
1429,380,Fitness,2024-06-12
1430,422,Tech,2024-01-22
1431,15,Fitness,2024-05-06
1432,162,Fitness,2024-03-20
1433,445,Home,2024-04-09
1434,163,Tech,2024-04-05
1435,320,Fashion,2024-06-09
1436,497,Fashion,2024-06-21
1437,281,Beauty,2024-06-12
1438,280,Fashion,2024-05-27
1439,12,Home,2024-01-18
1440,274,Fitness,2024-02-07
1441,271,Fitness,2024-05-30
1442,492,Fitness,2024-04-18
1443,208,Tech,2024-05-02
1444,27,Fashion,2024-05-23
1445,72,Home,2024-05-28
1446,60,Tech,2024-04-13
1447,430,Beauty,2024-05-19
1448,473,Home,2024-05-23
1449,145,Home,2024-03-21
1450,93,Home,2024-03-27
1451,309,Fitness,2024-05-21
1452,8,Home,2024-03-01
1453,79,Fashion,2024-02-15
1454,27,Home,2024-02-01
1455,174,Fitness,2024-01-15
1456,50,Home,2024-02-13
1457,500,Beauty,2024-05-24
1458,199,Beauty,2024-06-17
1459,387,Fitness,2024-02-23
1460,349,Fashion,2024-02-13
1461,448,Fashion,2024-04-07
1462,428,Tech,2024-01-05
1463,181,Fitness,2024-04-18
1464,24,Home,2024-01-27
1465,316,Fitness,2024-04-25
1466,378,Tech,2024-03-27
1467,387,Fitness,2024-04-13
1468,404,Fitness,2024-05-02
1469,46,Tech,2024-03-19
1470,15,Fashion,2024-02-12
1471,153,Home,2024-04-06
1472,222,Tech,2024-01-31
1473,206,Beauty,2024-04-08
1474,455,Fashion,2024-01-17
1475,273,Beauty,2024-03-23
1476,382,Fashion,2024-04-19
1477,236,Home,2024-02-01
1478,340,Home,2024-06-16
1479,228,Fitness,2024-05-20
1480,9,Beauty,2024-02-04
1481,166,Fashion,2024-05-12
1482,432,Home,2024-01-29
1483,444,Tech,2024-03-10
1484,319,Home,2024-06-01
1485,214,Tech,2024-04-04
1486,117,Fashion,2024-01-22
1487,386,Home,2024-06-21
1488,344,Home,2024-03-09
1489,72,Fashion,2024-03-29
1490,395,Home,2024-03-12
1491,64,Tech,2024-05-08
1492,205,Home,2024-06-20
1493,209,Beauty,2024-03-27
1494,72,Fitness,2024-04-05
1495,277,Tech,2024-03-15
1496,274,Beauty,2024-06-15
1497,478,Fashion,2024-02-23
1498,320,Tech,2024-03-28
1499,338,Fitness,2024-06-05
1500,366,Fitness,2024-02-23
1501,495,Fashion,2024-01-16
1502,95,Fashion,2024-04-08
1503,166,Tech,2024-01-20
1504,32,Home,2024-02-15
1505,11,Fashion,2024-05-06
1506,301,Home,2024-02-27
1507,217,Beauty,2024-04-20
1508,289,Fitness,2024-05-08
1509,102,Home,2024-03-21
1510,425,Fitness,2024-06-05
1511,392,Home,2024-03-24
1512,267,Beauty,2024-03-10
1513,214,Fashion,2024-01-08
1514,179,Beauty,2024-01-29
1515,88,Fashion,2024-04-21
1516,41,Fashion,2024-06-27
1517,401,Fitness,2024-06-09
1518,76,Beauty,2024-05-10
1519,377,Home,2024-06-11
1520,46,Beauty,2024-04-17
1521,160,Fitness,2024-04-18
1522,463,Fashion,2024-01-20
1523,80,Fitness,2024-03-13
1524,310,Tech,2024-06-15
1525,86,Tech,2024-01-04
1526,92,Home,2024-01-19
1527,148,Fitness,2024-04-11
1528,161,Home,2024-06-21
1529,202,Home,2024-06-19
1530,424,Tech,2024-05-20
1531,416,Home,2024-05-20
1532,242,Tech,2024-03-26
1533,353,Fashion,2024-02-21
1534,2,Fitness,2024-04-20
1535,225,Home,2024-04-18
1536,289,Tech,2024-03-26
1537,233,Beauty,2024-02-12
1538,461,Home,2024-02-11
1539,414,Fashion,2024-03-30
1540,417,Fashion,2024-04-24
1541,77,Beauty,2024-01-26
1542,116,Tech,2024-05-30
1543,154,Home,2024-02-12
1544,406,Tech,2024-03-17
1545,103,Fashion,2024-06-04
1546,194,Tech,2024-05-16
1547,166,Fashion,2024-01-20
1548,359,Tech,2024-02-08
1549,90,Beauty,2024-06-27
1550,174,Fitness,2024-01-12
1551,122,Beauty,2024-01-11
1552,498,Beauty,2024-06-02
1553,143,Fitness,2024-02-11
1554,482,Fitness,2024-06-03
1555,106,Home,2024-01-11
1556,375,Home,2024-02-07
1557,428,Beauty,2024-04-07
1558,305,Beauty,2024-06-19
1559,360,Fashion,2024-01-19
1560,459,Fashion,2024-05-13
1561,317,Home,2024-06-22
1562,451,Home,2024-04-25
1563,123,Fashion,2024-04-22
1564,390,Fashion,2024-06-18
1565,9,Tech,2024-03-05
1566,262,Tech,2024-04-08
1567,73,Fashion,2024-03-12
1568,359,Tech,2024-02-21
1569,223,Fitness,2024-04-27
1570,416,Home,2024-06-23
1571,41,Home,2024-04-29
1572,370,Fashion,2024-01-07
1573,204,Beauty,2024-01-11
1574,264,Fashion,2024-04-12
1575,328,Tech,2024-03-01
1576,178,Beauty,2024-03-08
1577,348,Tech,2024-06-01
1578,318,Fitness,2024-05-19
1579,84,Tech,2024-06-02
1580,318,Fitness,2024-04-11
1581,111,Fitness,2024-04-19
1582,251,Tech,2024-05-19
1583,383,Tech,2024-06-19
1584,7,Fitness,2024-02-20
1585,459,Beauty,2024-04-26
1586,84,Fitness,2024-06-13
1587,208,Home,2024-02-15
1588,388,Fitness,2024-02-22
1589,390,Beauty,2024-03-28
1590,314,Home,2024-04-30
1591,22,Fashion,2024-01-13
1592,410,Fashion,2024-03-29
1593,383,Beauty,2024-05-04
1594,3,Fitness,2024-04-27
1595,127,Tech,2024-02-23
1596,297,Beauty,2024-04-25
1597,188,Home,2024-04-27
1598,362,Home,2024-01-04
1599,14,Fashion,2024-03-15
1600,459,Home,2024-02-18
1601,466,Beauty,2024-01-07
1602,12,Home,2024-04-19
1603,87,Beauty,2024-05-01
1604,12,Tech,2024-01-11
1605,397,Fashion,2024-04-01
1606,25,Home,2024-06-21
1607,301,Beauty,2024-01-23
1608,243,Fitness,2024-01-28
1609,122,Fashion,2024-04-20
1610,147,Tech,2024-02-26
1611,55,Beauty,2024-01-26
1612,238,Tech,2024-06-01
1613,356,Tech,2024-02-23
1614,173,Home,2024-01-29
1615,392,Home,2024-04-06
1616,221,Beauty,2024-06-12
1617,119,Fitness,2024-01-14
1618,309,Beauty,2024-03-18
1619,183,Fitness,2024-02-04
1620,288,Tech,2024-01-30
1621,307,Fashion,2024-04-01
1622,300,Beauty,2024-01-17
1623,82,Beauty,2024-06-06
1624,454,Fitness,2024-04-02
1625,402,Tech,2024-06-21
1626,211,Tech,2024-03-19
1627,150,Fitness,2024-04-19
1628,37,Tech,2024-06-27
1629,352,Home,2024-04-11
1630,312,Fashion,2024-04-15
1631,361,Beauty,2024-02-16
1632,59,Fashion,2024-03-04
1633,131,Beauty,2024-06-14
1634,412,Home,2024-03-04
1635,202,Tech,2024-03-27
1636,243,Fitness,2024-01-07
1637,35,Home,2024-01-22
1638,445,Fashion,2024-03-21
1639,93,Fitness,2024-06-17
1640,438,Tech,2024-03-14
1641,447,Home,2024-05-17
1642,207,Fitness,2024-05-14
1643,353,Home,2024-05-04
1644,391,Home,2024-02-19
1645,332,Tech,2024-02-21
1646,305,Beauty,2024-06-09
1647,350,Fitness,2024-01-01
1648,213,Tech,2024-06-10
1649,159,Home,2024-01-04
1650,442,Tech,2024-05-24
1651,445,Beauty,2024-05-11
1652,24,Fitness,2024-06-19
1653,404,Beauty,2024-01-04
1654,293,Fashion,2024-01-01
1655,4,Fitness,2024-03-11
1656,220,Beauty,2024-06-26
1657,364,Home,2024-02-04
1658,382,Fitness,2024-01-08
1659,20,Fitness,2024-05-31
1660,444,Tech,2024-02-05
1661,152,Home,2024-06-26
1662,50,Fashion,2024-05-02
1663,177,Beauty,2024-02-12
1664,435,Tech,2024-01-27
1665,96,Beauty,2024-02-01
1666,105,Fashion,2024-03-18
1667,420,Fashion,2024-04-30
1668,250,Fitness,2024-05-25
1669,117,Fashion,2024-06-04
1670,354,Beauty,2024-06-05
1671,228,Home,2024-01-16
1672,66,Home,2024-04-08
1673,335,Fitness,2024-02-16
1674,418,Beauty,2024-01-31
1675,420,Beauty,2024-01-04
1676,262,Fashion,2024-06-13
1677,295,Beauty,2024-01-17
1678,426,Tech,2024-02-08
1679,243,Fashion,2024-02-17
1680,371,Tech,2024-06-22
1681,186,Fitness,2024-06-24
1682,246,Home,2024-02-08
1683,125,Fitness,2024-05-11
1684,268,Home,2024-01-30
1685,131,Fitness,2024-06-06
1686,237,Beauty,2024-01-22
1687,18,Tech,2024-03-06
1688,40,Home,2024-04-17
1689,21,Fashion,2024-01-12
1690,399,Tech,2024-02-05
1691,225,Fashion,2024-01-18
1692,355,Tech,2024-03-30
1693,282,Tech,2024-01-01
1694,8,Fitness,2024-05-06
1695,100,Home,2024-03-30
1696,240,Home,2024-03-27
1697,478,Tech,2024-03-30
1698,87,Beauty,2024-05-13
1699,298,Beauty,2024-03-10
1700,428,Fashion,2024-02-13
1701,14,Fashion,2024-05-31
1702,334,Fitness,2024-03-26
1703,2,Tech,2024-01-19
1704,375,Fashion,2024-04-10
1705,293,Fashion,2024-05-25
1706,325,Tech,2024-04-04
1707,422,Fitness,2024-04-10
1708,493,Fashion,2024-01-30
1709,41,Fitness,2024-06-18
1710,318,Home,2024-02-02
1711,316,Fitness,2024-01-12
1712,381,Beauty,2024-04-27
1713,111,Beauty,2024-04-03
1714,14,Fitness,2024-06-03
1715,231,Beauty,2024-06-15
1716,473,Home,2024-05-16
1717,84,Tech,2024-05-28
1718,130,Beauty,2024-03-16
1719,231,Beauty,2024-01-29
1720,326,Fitness,2024-06-09
1721,145,Home,2024-04-26
1722,379,Tech,2024-01-15
1723,345,Fitness,2024-01-02
1724,28,Fitness,2024-06-28
1725,66,Home,2024-04-26
1726,163,Tech,2024-06-20
1727,229,Home,2024-01-18
1728,261,Tech,2024-01-03
1729,449,Home,2024-05-14
1730,424,Fitness,2024-06-19
1731,460,Fitness,2024-06-14
1732,440,Fashion,2024-06-13
1733,164,Beauty,2024-06-09
1734,301,Home,2024-04-17
1735,407,Fashion,2024-04-04
1736,303,Beauty,2024-05-01
1737,287,Home,2024-01-11
1738,395,Tech,2024-03-08
1739,10,Beauty,2024-05-02
1740,195,Fitness,2024-04-22
1741,118,Fashion,2024-04-07
1742,270,Beauty,2024-04-02
1743,80,Beauty,2024-01-22
1744,458,Fitness,2024-06-20
1745,93,Home,2024-05-06
1746,266,Tech,2024-05-13
1747,332,Fitness,2024-06-18
1748,350,Tech,2024-01-25
1749,361,Home,2024-03-25
1750,257,Beauty,2024-02-24
1751,133,Tech,2024-05-23
1752,276,Fashion,2024-04-04
1753,264,Fashion,2024-05-21
1754,171,Fitness,2024-06-15
1755,460,Home,2024-06-04
1756,1,Fitness,2024-06-27
1757,313,Fitness,2024-04-28
1758,64,Fitness,2024-06-25
1759,374,Fashion,2024-01-09
1760,468,Fashion,2024-06-21
1761,284,Fitness,2024-05-29
1762,121,Fashion,2024-06-08
1763,107,Home,2024-02-11
1764,421,Fitness,2024-02-22
1765,175,Fashion,2024-03-14
1766,485,Tech,2024-02-08
1767,204,Fitness,2024-05-01
1768,165,Fitness,2024-01-15
1769,305,Home,2024-06-05
1770,497,Beauty,2024-05-02
1771,120,Beauty,2024-04-20
1772,44,Home,2024-05-10
1773,312,Home,2024-03-23
1774,156,Home,2024-01-10
1775,367,Beauty,2024-04-01
1776,207,Home,2024-01-29
1777,390,Fashion,2024-02-04
1778,108,Fitness,2024-01-06
1779,251,Fitness,2024-05-19
1780,445,Tech,2024-04-20
1781,404,Tech,2024-02-07
1782,370,Fitness,2024-03-17
1783,334,Fashion,2024-04-02
1784,130,Beauty,2024-05-26
1785,457,Beauty,2024-03-07
1786,293,Fashion,2024-05-15
1787,20,Beauty,2024-01-08
1788,282,Home,2024-05-01
1789,285,Fitness,2024-03-24
1790,1,Fitness,2024-06-23
1791,119,Fashion,2024-05-11
1792,35,Beauty,2024-06-27
1793,198,Tech,2024-03-25
1794,485,Tech,2024-02-14
1795,245,Beauty,2024-05-15
1796,59,Tech,2024-03-27
1797,325,Fashion,2024-01-16
1798,161,Fashion,2024-03-17
1799,497,Beauty,2024-01-09
1800,179,Tech,2024-02-29
1801,206,Fashion,2024-03-18
1802,12,Fashion,2024-03-17
1803,490,Home,2024-03-11
1804,276,Home,2024-01-15
1805,181,Fashion,2024-03-11
1806,242,Beauty,2024-04-11
1807,216,Fitness,2024-06-17
1808,251,Fitness,2024-01-22
1809,299,Fashion,2024-05-31
1810,126,Fashion,2024-04-22
1811,482,Fashion,2024-06-20
1812,217,Beauty,2024-01-01
1813,306,Home,2024-01-10
1814,285,Fashion,2024-04-19
1815,185,Fashion,2024-04-22
1816,39,Tech,2024-02-19
1817,223,Beauty,2024-01-12
1818,184,Fashion,2024-03-29
1819,495,Tech,2024-06-02
1820,427,Fitness,2024-04-21
1821,178,Fashion,2024-03-18
1822,407,Fashion,2024-06-17
1823,428,Tech,2024-06-12
1824,294,Beauty,2024-04-30
1825,340,Fashion,2024-01-23
1826,151,Fitness,2024-06-19
1827,384,Fashion,2024-05-13
1828,126,Fitness,2024-06-19
1829,301,Home,2024-01-25
1830,308,Home,2024-01-18
1831,336,Fitness,2024-05-20
1832,434,Beauty,2024-02-12
1833,234,Fashion,2024-03-18
1834,380,Fashion,2024-01-28
1835,375,Home,2024-05-25
1836,8,Fitness,2024-02-28
1837,498,Fashion,2024-03-03
1838,341,Fashion,2024-04-01
1839,129,Beauty,2024-06-27
1840,264,Tech,2024-02-25
1841,157,Home,2024-06-03
1842,352,Home,2024-06-08
1843,358,Tech,2024-04-20
1844,5,Fashion,2024-05-16
1845,495,Beauty,2024-03-08
1846,86,Beauty,2024-02-15
1847,175,Home,2024-03-07
1848,290,Beauty,2024-06-02
1849,193,Tech,2024-05-15
1850,311,Fashion,2024-01-06
1851,119,Tech,2024-01-24
1852,218,Fitness,2024-06-24
1853,427,Home,2024-04-03
1854,458,Beauty,2024-06-21
1855,414,Fitness,2024-01-13
1856,114,Beauty,2024-01-25
1857,466,Fashion,2024-05-27
1858,145,Fashion,2024-04-27
1859,26,Fashion,2024-03-22
1860,136,Beauty,2024-04-20
1861,303,Fitness,2024-03-22
1862,232,Fashion,2024-03-06
1863,369,Fitness,2024-02-14
1864,76,Beauty,2024-04-23
1865,475,Fitness,2024-06-23
1866,328,Beauty,2024-03-03
1867,345,Beauty,2024-03-16
1868,302,Home,2024-04-23
1869,452,Beauty,2024-04-20
1870,289,Beauty,2024-05-26
1871,1,Tech,2024-02-04
1872,147,Fashion,2024-02-22
1873,287,Home,2024-01-26
1874,464,Home,2024-01-14
1875,142,Home,2024-04-27
1876,53,Tech,2024-02-14
1877,304,Beauty,2024-06-20
1878,69,Fashion,2024-02-20
1879,361,Fitness,2024-06-19
1880,90,Beauty,2024-04-28
1881,446,Tech,2024-05-30
1882,220,Beauty,2024-01-19
1883,450,Beauty,2024-03-22
1884,498,Tech,2024-03-16
1885,192,Home,2024-04-01
1886,454,Home,2024-02-02
1887,63,Fashion,2024-05-26
1888,73,Fashion,2024-01-28
1889,161,Home,2024-05-02
1890,169,Fitness,2024-06-28
1891,89,Beauty,2024-05-05
1892,176,Fitness,2024-06-25
1893,269,Beauty,2024-02-06
1894,73,Home,2024-06-02
1895,245,Fashion,2024-04-08
1896,77,Fashion,2024-04-07
1897,159,Fitness,2024-05-06
1898,489,Fashion,2024-06-16
1899,459,Home,2024-03-20
1900,324,Fitness,2024-02-07
1901,98,Beauty,2024-03-17
1902,381,Fashion,2024-05-05
1903,102,Tech,2024-03-27
1904,494,Fashion,2024-02-23
1905,132,Beauty,2024-05-29
1906,102,Fitness,2024-01-16
1907,19,Beauty,2024-01-28
1908,454,Tech,2024-06-11
1909,482,Home,2024-06-21
1910,82,Fashion,2024-02-15
1911,397,Fitness,2024-03-12
1912,489,Home,2024-03-25
1913,279,Beauty,2024-01-26
1914,339,Fitness,2024-03-25
1915,365,Home,2024-06-01
1916,331,Fitness,2024-03-05
1917,129,Tech,2024-05-13
1918,344,Tech,2024-05-30
1919,310,Fashion,2024-04-24
1920,455,Fashion,2024-03-04
1921,89,Tech,2024-03-27
1922,213,Fitness,2024-06-19
1923,143,Tech,2024-04-16
1924,65,Fashion,2024-05-30
1925,76,Tech,2024-04-05
1926,199,Tech,2024-06-06
1927,143,Fitness,2024-03-17
1928,405,Home,2024-05-25
1929,403,Fashion,2024-03-27
1930,316,Fitness,2024-05-28
1931,93,Tech,2024-02-26
1932,473,Tech,2024-04-12
1933,417,Home,2024-05-30
1934,305,Fashion,2024-03-31
1935,224,Fashion,2024-02-14
1936,497,Beauty,2024-06-20
1937,291,Fashion,2024-03-28
1938,428,Home,2024-04-24
1939,102,Beauty,2024-02-16
1940,474,Beauty,2024-06-16
1941,267,Tech,2024-06-27
1942,355,Tech,2024-06-18
1943,456,Fashion,2024-05-14
1944,110,Beauty,2024-02-19
1945,462,Tech,2024-06-24
1946,330,Home,2024-03-24
1947,450,Tech,2024-03-31
1948,430,Tech,2024-05-13
1949,265,Beauty,2024-03-31
1950,3,Beauty,2024-05-16
1951,85,Fitness,2024-04-18
1952,282,Home,2024-02-26
1953,328,Beauty,2024-01-31
1954,304,Fashion,2024-01-21
1955,450,Home,2024-03-30
1956,454,Home,2024-02-09
1957,412,Beauty,2024-04-21
1958,117,Home,2024-02-14
1959,221,Beauty,2024-03-17
1960,154,Tech,2024-06-25
1961,153,Fitness,2024-03-27
1962,12,Tech,2024-05-27
1963,133,Beauty,2024-04-10
1964,482,Beauty,2024-04-26
1965,304,Tech,2024-04-01
1966,293,Fashion,2024-05-24
1967,463,Fashion,2024-01-28
1968,300,Fashion,2024-06-17
1969,228,Beauty,2024-01-25
1970,271,Home,2024-02-27
1971,43,Beauty,2024-02-10
1972,432,Home,2024-05-13
1973,343,Tech,2024-03-15
1974,326,Fitness,2024-02-07
1975,302,Home,2024-05-13
1976,498,Fashion,2024-06-21
1977,364,Beauty,2024-03-15
1978,379,Tech,2024-05-21
1979,427,Fashion,2024-03-06
1980,493,Tech,2024-06-16
1981,21,Fitness,2024-01-03
1982,407,Beauty,2024-04-26
1983,107,Beauty,2024-04-08
1984,336,Fitness,2024-05-31
1985,303,Beauty,2024-01-19
1986,117,Home,2024-05-25
1987,124,Tech,2024-04-25
1988,399,Fashion,2024-05-04
1989,281,Fitness,2024-03-28
1990,292,Home,2024-02-04
1991,203,Fashion,2024-01-01
1992,51,Fashion,2024-06-01
1993,271,Fitness,2024-06-21
1994,324,Home,2024-06-25
1995,277,Fashion,2024-05-05
1996,141,Fashion,2024-03-29
1997,470,Home,2024-05-23
1998,275,Beauty,2024-05-26
1999,290,Fashion,2024-05-30
2000,334,Tech,2024-01-25
