sale_id,creator_id,revenue,sale_date
1,437,50.88,2024-01-23
2,72,145.84,2024-02-16
3,433,89.82,2024-03-15
4,177,132.23,2024-04-02
5,348,44.95,2024-05-06
6,263,96.74,2024-02-25
7,271,196.12,2024-06-03
8,105,43.08,2024-03-13
9,420,129.11,2024-06-11
10,72,117.24,2024-05-16
11,74,115.19,2024-01-18
12,143,124.95,2024-02-13
13,62,102.94,2024-05-28
14,146,8.3,2024-02-25
15,46,180.52,2024-06-24
16,229,166.26,2024-04-09
17,105,38.96,2024-01-01
18,109,85.59,2024-06-03
19,317,155.26,2024-02-14
20,121,196.11,2024-03-03
21,499,190.47,2024-02-27
22,43,180.38,2024-06-16
23,428,35.88,2024-03-03
24,99,183.32,2024-02-07
25,194,176.3,2024-01-29
26,311,78.51,2024-02-09
27,214,81.93,2024-05-26
28,463,94.68,2024-03-28
29,229,132.95,2024-02-25
30,423,55.86,2024-02-13
31,484,9.47,2024-04-09
32,389,32.54,2024-05-20
33,185,90.82,2024-06-06
34,112,59.99,2024-02-18
35,399,154.08,2024-04-24
36,347,25.8,2024-03-15
37,272,183.91,2024-06-11
38,313,179.59,2024-05-18
39,484,182.21,2024-02-18
40,102,149.22,2024-04-16
41,210,25.86,2024-04-20
42,227,90.44,2024-04-24
43,281,30.62,2024-06-16
44,22,197.6,2024-01-21
45,248,69.94,2024-02-16
46,159,119.14,2024-01-03
47,379,156.98,2024-06-06
48,229,184.52,2024-05-06
49,418,152.33,2024-03-07
50,343,136.53,2024-03-02
51,400,95.87,2024-06-13
52,454,123.05,2024-05-29
53,187,23.36,2024-01-31
54,143,177.36,2024-02-15
55,338,111.04,2024-02-14
56,358,12.83,2024-01-14
57,397,184.38,2024-04-30
58,24,100.41,2024-05-19
59,141,174.37,2024-04-28
60,449,172.09,2024-03-17
61,240,164.07,2024-03-28
62,292,16.97,2024-06-14
63,305,53.18,2024-04-26
64,82,175.73,2024-06-23
65,48,180.3,2024-05-03
66,353,94.32,2024-02-23
67,358,90.81,2024-02-17
68,171,39.15,2024-04-10
69,262,193.84,2024-01-15
70,465,46.56,2024-04-22
71,68,42.23,2024-01-16
72,14,133.84,2024-06-19
73,30,52.35,2024-05-14
74,110,188.06,2024-02-12
75,212,7.13,2024-01-28
76,264,6.12,2024-03-06
77,438,103.45,2024-04-07
78,322,100.17,2024-02-29
79,485,36.86,2024-05-07
80,388,101.43,2024-05-10
81,202,85.27,2024-05-08
82,84,178.61,2024-06-07
83,444,6.8,2024-02-25
84,376,195.37,2024-03-24
85,53,126.76,2024-06-22
86,355,34.61,2024-02-01
87,496,14.12,2024-03-21
88,256,109.93,2024-01-18
89,74,50.8,2024-02-04
90,220,63.73,2024-04-13
91,143,52.8,2024-04-09
92,100,131.78,2024-01-23
93,129,112.94,2024-05-20
94,406,20.21,2024-05-21
95,219,107.67,2024-06-13
96,477,159.28,2024-01-05
97,271,20.83,2024-05-29
98,458,178.5,2024-01-28
99,468,117.77,2024-05-11
100,22,190.37,2024-02-19
101,178,33.89,2024-04-11
102,48,198.75,2024-01-29
103,117,130.63,2024-02-06
104,329,115.66,2024-06-11
105,376,105.48,2024-05-27
106,179,9.61,2024-06-11
107,480,188.23,2024-05-09
108,273,130.58,2024-04-25
109,362,22.87,2024-02-27
110,339,9.09,2024-05-25
111,360,14.9,2024-04-15
112,347,123.83,2024-02-25
113,179,124.73,2024-05-01
114,421,102.44,2024-04-12
115,482,64.82,2024-05-02
116,495,108.69,2024-06-28
117,49,105.68,2024-01-22
118,315,8.79,2024-02-29
119,394,60.08,2024-05-17
120,255,15.37,2024-03-24
121,30,180.53,2024-05-07
122,85,146.42,2024-03-20
123,277,199.24,2024-05-13
124,34,63.92,2024-03-21
125,329,176.3,2024-01-06
126,98,122.6,2024-03-26
127,434,93.36,2024-03-22
128,76,48.4,2024-06-04
129,175,148.99,2024-02-11
130,341,181.31,2024-03-14
131,249,50.89,2024-02-10
132,340,39.2,2024-03-03
133,134,140.76,2024-01-22
134,178,195.51,2024-03-19
135,365,151.24,2024-06-05
136,228,60.49,2024-03-11
137,63,86.89,2024-04-23
138,268,79.94,2024-02-03
139,425,171.16,2024-04-05
140,415,155.42,2024-05-09
141,258,119.85,2024-06-02
142,144,58.62,2024-04-18
143,385,187.91,2024-03-15
144,388,132.4,2024-01-19
145,303,194.24,2024-05-04
146,500,118.12,2024-01-20
147,449,165.13,2024-06-09
148,52,163.56,2024-04-25
149,303,70.78,2024-04-03
150,99,192.98,2024-03-22
151,461,9.28,2024-04-05
152,306,154.9,2024-04-13
153,45,193.28,2024-01-04
154,42,71.09,2024-06-08
155,479,131.38,2024-05-26
156,468,114.63,2024-05-10
157,440,153.49,2024-04-01
158,327,173.9,2024-03-01
159,57,122.59,2024-02-07
160,488,164.1,2024-04-27
161,33,65.9,2024-05-13
162,412,49.57,2024-02-25
163,114,88.98,2024-06-16
164,300,137.16,2024-04-30
165,114,41.51,2024-03-21
166,56,137.67,2024-04-15
167,44,81.85,2024-04-29
168,212,160.14,2024-03-09
169,352,12.18,2024-03-23
170,329,135.26,2024-02-11
171,34,131.72,2024-04-08
172,270,188.48,2024-05-09
173,196,144.11,2024-01-28
174,413,160.28,2024-04-26
175,125,181.4,2024-05-24
176,79,136.64,2024-03-10
177,255,61.58,2024-04-16
178,145,174.61,2024-05-02
179,83,150.78,2024-03-09
180,230,87.77,2024-02-08
181,137,143.55,2024-05-14
182,27,174.2,2024-06-08
183,177,195.25,2024-01-04
184,207,190.71,2024-05-28
185,421,68.44,2024-06-08
186,412,87.23,2024-03-22
187,306,26.36,2024-04-06
188,311,53.27,2024-05-21
189,388,177.07,2024-03-10
190,213,75.37,2024-02-15
191,354,126.01,2024-05-27
192,403,134.86,2024-04-08
193,37,157.46,2024-03-20
194,388,40.65,2024-02-17
195,293,64.44,2024-01-07
196,179,92.43,2024-02-09
197,160,76.14,2024-02-28
198,429,196.67,2024-02-05
199,368,167.81,2024-06-20
200,12,98.54,2024-04-17
201,169,176.46,2024-01-31
202,312,72.79,2024-06-18
203,80,158.24,2024-02-13
204,14,48.62,2024-06-19
205,54,155.6,2024-02-12
206,447,94.01,2024-06-23
207,254,25.96,2024-05-13
208,65,58.29,2024-04-02
209,372,83.44,2024-03-26
210,58,151.11,2024-01-09
211,96,19.23,2024-01-11
212,21,133.61,2024-03-20
213,260,144.62,2024-04-18
214,73,132.51,2024-04-27
215,248,153.33,2024-01-18
216,127,39.74,2024-06-01
217,499,119.49,2024-04-06
218,46,188.52,2024-01-30
219,470,124.1,2024-04-24
220,268,124.21,2024-01-01
221,128,148.61,2024-04-06
222,30,69.97,2024-04-22
223,94,141.59,2024-03-19
224,224,183.67,2024-01-29
225,316,7.12,2024-03-06
226,100,174.67,2024-04-14
227,71,47.63,2024-01-19
228,81,93.91,2024-03-06
229,449,171.21,2024-04-21
230,398,165.66,2024-06-28
231,367,178.93,2024-06-07
232,300,188.38,2024-02-29
233,108,92.2,2024-04-26
234,102,132.99,2024-03-08
235,410,81.14,2024-04-02
236,91,73.39,2024-06-06
237,365,89.16,2024-05-20
238,16,149.9,2024-05-22
239,110,102.78,2024-05-27
240,263,163.74,2024-06-10
241,160,150.32,2024-05-27
242,253,8.99,2024-02-19
243,89,127.9,2024-03-29
244,95,90.13,2024-06-03
245,272,94.04,2024-06-06
246,247,164.58,2024-04-08
247,361,111.78,2024-04-22
248,378,177.7,2024-04-16
249,206,144.0,2024-01-24
250,345,112.8,2024-01-25
251,318,152.13,2024-01-11
252,286,12.48,2024-04-03
253,248,10.28,2024-02-29
254,455,21.25,2024-06-23
255,396,90.33,2024-06-01
256,67,50.91,2024-01-25
257,475,196.93,2024-05-24
258,46,110.75,2024-05-19
259,467,134.17,2024-05-02
260,43,59.37,2024-06-28
261,229,67.75,2024-01-11
262,439,70.42,2024-01-10
263,301,141.25,2024-03-21
264,444,97.37,2024-02-23
265,234,105.95,2024-04-18
266,199,120.44,2024-03-03
267,497,154.92,2024-01-20
268,336,22.62,2024-01-05
269,32,156.49,2024-02-10
270,264,114.83,2024-04-27
271,113,135.47,2024-03-03
272,461,68.87,2024-02-01
273,318,84.83,2024-01-27
274,459,50.08,2024-03-08
275,276,195.96,2024-04-14
276,146,101.92,2024-06-24
277,357,199.23,2024-01-07
278,6,100.51,2024-06-22
279,340,47.85,2024-04-12
280,480,103.95,2024-04-21
281,494,12.72,2024-05-25
282,108,181.43,2024-06-14
283,413,164.62,2024-04-12
284,260,146.54,2024-01-17
285,71,123.92,2024-03-30
286,427,118.07,2024-04-24
287,340,199.36,2024-03-26
288,162,59.21,2024-04-12
289,100,157.04,2024-03-22
290,327,118.37,2024-05-05
291,33,195.3,2024-02-07
292,143,166.42,2024-04-01
293,244,199.71,2024-03-03
294,224,119.72,2024-06-18
295,214,44.89,2024-05-15
296,120,103.22,2024-01-30
297,168,143.67,2024-03-04
298,349,156.0,2024-01-09
299,217,5.1,2024-02-26
300,389,103.48,2024-04-16
301,462,50.87,2024-04-04
302,434,175.61,2024-03-15
303,355,34.82,2024-01-05
304,322,134.96,2024-04-04
305,217,56.88,2024-01-04
306,54,74.53,2024-01-08
307,208,188.41,2024-06-18
308,430,51.89,2024-06-11
309,80,23.53,2024-05-20
310,395,18.51,2024-05-12
311,380,103.4,2024-02-09
312,433,130.13,2024-01-19
313,483,68.82,2024-03-22
314,151,139.6,2024-05-04
315,55,16.9,2024-01-04
316,5,172.18,2024-05-07
317,448,164.23,2024-05-25
318,35,197.17,2024-05-31
319,349,187.62,2024-04-16
320,495,74.46,2024-04-02
321,119,82.86,2024-01-31
322,197,150.46,2024-02-27
323,54,31.15,2024-01-28
324,259,66.23,2024-05-16
325,262,28.12,2024-06-21
326,343,93.7,2024-03-30
327,366,112.64,2024-02-18
328,312,46.18,2024-04-20
329,2,10.19,2024-01-02
330,82,145.27,2024-01-06
331,350,8.9,2024-01-29
332,422,194.81,2024-06-02
333,440,48.21,2024-06-04
334,5,134.46,2024-01-07
335,174,89.78,2024-02-03
336,497,16.64,2024-05-17
337,139,97.08,2024-04-21
338,193,105.77,2024-02-26
339,138,171.66,2024-06-23
340,297,147.81,2024-01-27
341,116,20.46,2024-02-08
342,44,45.79,2024-05-29
343,346,65.82,2024-04-28
344,289,27.7,2024-05-26
345,219,94.1,2024-04-09
346,56,196.94,2024-01-09
347,242,105.35,2024-05-26
348,396,149.67,2024-01-02
349,258,138.17,2024-04-01
350,1,170.73,2024-02-28
351,449,47.07,2024-03-11
352,377,152.0,2024-03-10
353,381,176.86,2024-06-09
354,289,38.44,2024-01-25
355,470,72.63,2024-03-10
356,460,194.17,2024-06-04
357,103,157.25,2024-05-25
358,292,60.11,2024-03-03
359,149,114.97,2024-02-18
360,84,83.84,2024-05-02
361,420,100.54,2024-05-03
362,26,74.26,2024-02-09
363,175,59.47,2024-03-25
364,223,136.58,2024-03-27
365,129,156.82,2024-03-20
366,422,175.42,2024-01-04
367,142,35.29,2024-02-03
368,346,165.46,2024-01-05
369,302,54.69,2024-05-29
370,298,88.33,2024-05-27
371,135,180.78,2024-04-12
372,55,93.63,2024-06-23
373,56,43.43,2024-02-03
374,374,36.17,2024-06-20
375,76,97.23,2024-01-06
376,319,153.72,2024-01-29
377,408,199.46,2024-02-22
378,339,158.54,2024-01-01
379,457,176.02,2024-02-28
380,355,150.83,2024-06-24
381,132,179.61,2024-01-07
382,493,19.88,2024-06-08
383,42,186.34,2024-03-18
384,352,82.3,2024-02-20
385,110,184.71,2024-05-26
386,70,19.77,2024-01-27
387,284,144.47,2024-03-03
388,126,148.46,2024-03-01
389,348,199.4,2024-03-01
390,296,154.93,2024-05-05
391,179,79.6,2024-02-14
392,413,113.66,2024-05-28
393,298,76.48,2024-06-20
394,374,43.22,2024-05-08
395,197,53.46,2024-04-04
396,261,48.29,2024-03-31
397,101,112.02,2024-02-13
398,425,181.7,2024-03-02
399,61,182.98,2024-03-01
400,183,15.68,2024-03-19
401,412,20.58,2024-03-29
402,297,52.8,2024-04-21
403,367,54.74,2024-04-20
404,9,23.5,2024-02-19
405,413,80.75,2024-02-10
406,206,119.61,2024-02-02
407,422,117.74,2024-01-12
408,318,110.97,2024-01-02
409,54,71.04,2024-04-16
410,180,142.76,2024-05-28
411,104,166.16,2024-05-21
412,126,72.52,2024-02-03
413,34,21.68,2024-03-25
414,165,62.78,2024-05-30
415,433,31.79,2024-03-25
416,298,96.13,2024-02-19
417,270,35.41,2024-05-21
418,466,95.25,2024-04-15
419,289,48.1,2024-02-15
420,118,149.05,2024-04-27
421,354,10.38,2024-01-05
422,92,113.18,2024-03-06
423,100,38.05,2024-05-29
424,493,5.19,2024-03-10
425,496,174.49,2024-04-17
426,485,135.95,2024-01-02
427,87,24.29,2024-01-29
428,234,134.49,2024-03-01
429,401,124.27,2024-04-09
430,124,97.3,2024-05-07
431,203,86.76,2024-05-23
432,32,177.98,2024-04-06
433,357,52.8,2024-04-06
434,463,82.67,2024-01-14
435,452,69.18,2024-02-12
436,39,155.38,2024-06-19
437,94,183.71,2024-03-10
438,10,170.71,2024-02-24
439,215,160.55,2024-01-31
440,408,197.42,2024-03-16
441,100,140.94,2024-06-16
442,244,151.46,2024-06-03
443,58,196.65,2024-02-21
444,453,6.36,2024-05-07
445,357,128.64,2024-01-07
446,491,149.1,2024-06-22
447,320,183.98,2024-04-09
448,19,177.35,2024-06-09
449,357,169.18,2024-05-15
450,117,189.43,2024-05-12
451,136,109.79,2024-03-01
452,327,6.35,2024-04-13
453,296,7.16,2024-05-31
454,13,111.2,2024-01-07
455,101,89.88,2024-03-23
456,380,92.99,2024-04-04
457,155,83.08,2024-06-12
458,82,183.96,2024-01-27
459,88,75.04,2024-05-03
460,105,171.96,2024-06-05
461,130,181.06,2024-03-27
462,272,102.4,2024-05-27
463,14,92.15,2024-03-10
464,128,153.4,2024-04-23
465,401,143.05,2024-03-16
466,60,69.06,2024-04-23
467,454,25.0,2024-01-03
468,227,56.65,2024-06-15
469,17,30.55,2024-04-08
470,45,62.47,2024-05-03
471,38,56.06,2024-02-14
472,124,129.35,2024-05-05
473,360,191.13,2024-03-08
474,64,138.72,2024-01-31
475,377,185.7,2024-04-15
476,253,157.91,2024-02-07
477,262,146.94,2024-05-13
478,444,85.74,2024-01-08
479,112,68.33,2024-01-28
480,102,170.02,2024-01-15
481,49,181.55,2024-01-08
482,277,93.12,2024-02-23
483,227,6.77,2024-05-13
484,23,159.54,2024-01-29
485,332,60.59,2024-04-24
486,185,6.93,2024-02-03
487,64,161.97,2024-01-07
488,157,105.9,2024-02-09
489,283,138.62,2024-03-14
490,390,183.36,2024-05-20
491,149,110.53,2024-03-02
492,327,103.12,2024-03-26
493,363,61.68,2024-04-25
494,169,64.51,2024-03-05
495,464,160.33,2024-02-10
496,133,92.56,2024-05-02
497,399,36.89,2024-06-18
498,405,23.43,2024-04-25
499,314,97.22,2024-03-06
500,132,95.67,2024-04-25
501,197,132.42,2024-05-18
502,135,96.86,2024-04-10
503,35,32.98,2024-02-19
504,420,104.02,2024-03-11
505,377,181.82,2024-06-11
506,399,36.09,2024-03-20
507,220,139.5,2024-03-19
508,386,120.8,2024-01-20
509,376,150.97,2024-06-04
510,185,34.37,2024-05-02
511,5,188.61,2024-02-06
512,71,126.09,2024-01-03
513,342,170.18,2024-04-02
514,241,53.09,2024-04-10
515,351,149.19,2024-06-03
516,416,157.3,2024-02-01
517,456,82.5,2024-02-17
518,297,79.87,2024-02-15
519,426,133.27,2024-04-23
520,331,23.21,2024-04-04
521,193,148.45,2024-02-16
522,495,13.36,2024-02-09
523,168,42.17,2024-05-10
524,339,134.51,2024-04-25
525,236,24.17,2024-06-05
526,294,194.51,2024-03-31
527,298,174.34,2024-02-27
528,248,127.13,2024-06-26
529,165,164.72,2024-01-10
530,312,178.08,2024-03-01
531,71,55.6,2024-04-20
532,231,170.64,2024-04-30
533,55,42.98,2024-03-01
534,473,85.6,2024-05-30
535,182,113.86,2024-01-06
536,22,144.21,2024-03-15
537,283,10.88,2024-04-24
538,105,61.65,2024-06-03
539,175,123.66,2024-01-31
540,294,74.69,2024-05-02
541,368,156.13,2024-06-06
542,39,132.07,2024-03-07
543,399,50.71,2024-01-13
544,375,33.46,2024-02-28
545,450,127.66,2024-02-23
546,445,92.84,2024-04-13
547,60,37.95,2024-01-21
548,392,68.64,2024-02-12
549,300,64.09,2024-01-11
550,299,26.09,2024-04-18
551,390,111.65,2024-03-07
552,212,153.91,2024-06-14
553,155,117.22,2024-04-04
554,173,166.13,2024-05-31
555,23,29.88,2024-04-15
556,240,89.94,2024-02-20
557,488,123.84,2024-02-15
558,209,136.82,2024-02-12
559,122,140.68,2024-01-27
560,253,147.15,2024-03-25
561,141,132.03,2024-06-06
562,452,23.37,2024-04-03
563,340,140.58,2024-05-06
564,362,146.33,2024-01-10
565,320,198.73,2024-05-10
566,153,140.21,2024-02-29
567,381,138.93,2024-01-27
568,214,105.39,2024-05-02
569,308,174.24,2024-06-21
570,48,199.38,2024-03-02
571,317,156.91,2024-05-31
572,17,124.44,2024-02-15
573,296,20.4,2024-05-05
574,331,146.71,2024-06-20
575,345,143.17,2024-03-03
576,69,156.24,2024-01-04
577,85,29.29,2024-01-16
578,282,132.48,2024-06-27
579,208,62.67,2024-03-14
580,440,153.25,2024-04-21
581,40,51.87,2024-04-10
582,469,138.38,2024-06-24
583,496,62.52,2024-02-14
584,96,6.75,2024-05-10
585,452,128.5,2024-01-17
586,486,27.09,2024-06-13
587,250,133.56,2024-01-05
588,373,185.49,2024-06-23
589,136,194.0,2024-02-13
590,73,51.01,2024-06-09
591,301,162.8,2024-01-21
592,273,73.94,2024-03-08
593,169,180.59,2024-02-01
594,333,158.56,2024-01-24
595,393,19.41,2024-06-11
596,198,84.39,2024-05-25
597,347,70.78,2024-03-07
598,106,158.11,2024-04-12
599,101,85.01,2024-02-23
600,359,138.49,2024-06-02
601,235,122.47,2024-05-04
602,280,195.25,2024-04-26
603,329,187.87,2024-03-05
604,377,88.4,2024-06-27
605,106,146.1,2024-04-23
606,395,166.74,2024-03-16
607,35,180.28,2024-01-17
608,157,18.29,2024-05-28
609,392,63.91,2024-04-17
610,273,67.44,2024-01-28
611,455,89.72,2024-02-13
612,396,38.01,2024-06-18
613,240,101.76,2024-04-03
614,207,134.33,2024-01-22
615,245,101.99,2024-02-07
616,93,134.83,2024-01-14
617,109,17.96,2024-04-20
618,306,175.82,2024-05-01
619,114,188.12,2024-06-02
620,24,125.49,2024-06-16
621,293,176.87,2024-02-23
622,462,30.63,2024-05-20
623,252,160.5,2024-05-06
624,267,28.23,2024-01-19
625,355,84.56,2024-02-11
626,209,68.14,2024-02-10
627,443,119.19,2024-02-19
628,55,63.8,2024-05-10
629,27,129.28,2024-06-07
630,492,76.64,2024-03-16
631,323,172.85,2024-05-22
632,444,128.61,2024-06-21
633,2,46.98,2024-06-14
634,68,70.55,2024-04-08
635,402,170.25,2024-02-19
636,148,80.36,2024-05-31
637,469,109.48,2024-05-24
638,319,131.54,2024-05-25
639,462,72.82,2024-02-11
640,328,62.33,2024-05-24
641,130,97.67,2024-01-16
642,474,46.9,2024-03-25
643,83,60.42,2024-02-21
644,42,17.11,2024-02-05
645,156,64.27,2024-04-16
646,157,67.54,2024-06-15
647,453,192.56,2024-03-21
648,107,120.0,2024-06-01
649,284,158.54,2024-04-24
650,188,13.85,2024-02-11
651,105,25.77,2024-05-28
652,112,163.83,2024-03-08
653,474,126.59,2024-05-03
654,133,42.24,2024-01-30
655,271,83.94,2024-02-02
656,110,110.04,2024-04-12
657,73,169.5,2024-02-22
658,416,16.78,2024-05-23
659,436,121.36,2024-06-25
660,346,144.82,2024-05-12
661,293,195.69,2024-04-15
662,143,162.4,2024-03-17
663,425,58.86,2024-04-03
664,260,143.37,2024-02-29
665,245,153.84,2024-04-20
666,437,147.3,2024-02-24
667,484,164.93,2024-03-31
668,340,181.23,2024-06-11
669,155,24.19,2024-02-11
670,149,25.43,2024-03-09
671,60,160.3,2024-01-24
672,86,54.21,2024-04-27
673,192,16.42,2024-05-21
674,327,83.24,2024-02-24
675,431,164.88,2024-01-15
676,182,29.68,2024-01-05
677,287,136.01,2024-04-10
678,273,5.71,2024-05-11
679,255,26.4,2024-01-30
680,434,73.42,2024-02-22
681,7,21.3,2024-03-13
682,126,169.95,2024-01-30
683,83,173.49,2024-04-13
684,28,152.34,2024-04-14
685,266,52.28,2024-04-17
686,283,107.03,2024-03-24
687,397,40.92,2024-04-01
688,450,59.85,2024-03-11
689,470,105.62,2024-03-08
690,251,148.33,2024-02-24
691,468,23.46,2024-04-08
692,188,62.86,2024-04-06
693,383,185.69,2024-03-11
694,299,88.68,2024-03-13
695,69,188.08,2024-06-18
696,319,198.32,2024-03-17
697,326,107.7,2024-06-05
698,99,61.17,2024-06-11
699,193,159.2,2024-06-21
700,227,36.07,2024-04-17
701,451,54.15,2024-03-30
702,182,158.05,2024-04-08
703,420,89.56,2024-06-05
704,327,44.3,2024-01-03
705,93,131.97,2024-04-28
706,143,147.89,2024-05-29
707,203,29.39,2024-04-20
708,402,59.01,2024-06-03
709,492,48.15,2024-01-22
710,132,79.07,2024-04-25
711,472,153.87,2024-04-22
712,267,144.17,2024-06-25
713,134,134.19,2024-01-24
714,378,6.23,2024-01-27
715,179,32.72,2024-02-05
716,186,48.54,2024-04-16
717,444,58.03,2024-05-24
718,18,33.55,2024-02-25
719,463,85.01,2024-01-10
720,323,19.66,2024-02-23
721,401,151.25,2024-03-21
722,97,158.61,2024-04-17
723,34,116.98,2024-06-14
724,414,22.49,2024-03-21
725,403,178.57,2024-05-06
726,393,193.3,2024-04-07
727,424,44.46,2024-05-11
728,300,142.4,2024-06-26
729,351,169.18,2024-03-01
730,187,110.27,2024-05-28
731,347,68.05,2024-02-05
732,111,98.32,2024-04-11
733,409,104.89,2024-02-15
734,247,83.12,2024-04-04
735,71,186.32,2024-03-11
736,309,150.06,2024-02-13
737,432,52.05,2024-03-04
738,327,119.18,2024-05-25
739,212,139.29,2024-01-13
740,309,32.33,2024-01-13
741,108,74.89,2024-01-25
742,177,181.58,2024-01-05
743,427,115.6,2024-05-07
744,228,47.31,2024-02-08
745,19,28.94,2024-06-05
746,322,106.05,2024-04-17
747,418,111.8,2024-06-22
748,248,70.21,2024-06-09
749,209,127.93,2024-05-17
750,216,18.39,2024-01-25
751,201,33.3,2024-03-14
752,438,111.52,2024-02-08
753,257,17.05,2024-01-16
754,106,176.78,2024-06-04
755,476,32.72,2024-06-20
756,311,136.41,2024-02-01
757,271,81.28,2024-03-03
758,383,82.96,2024-04-02
759,469,154.15,2024-02-14
760,271,102.4,2024-02-22
761,121,146.5,2024-02-19
762,407,103.51,2024-06-03
763,245,120.62,2024-01-26
764,66,153.34,2024-05-10
765,430,123.43,2024-03-30
766,228,125.04,2024-02-08
767,370,158.9,2024-06-11
768,137,190.07,2024-02-22
769,194,78.46,2024-06-22
770,194,117.54,2024-01-22
771,146,21.82,2024-05-13
772,145,74.97,2024-02-21
773,489,85.35,2024-03-15
774,72,167.87,2024-03-13
775,354,105.11,2024-01-29
776,418,147.56,2024-06-19
777,453,8.71,2024-05-01
778,192,95.58,2024-06-10
779,44,180.76,2024-06-07
780,157,48.74,2024-03-26
781,446,11.15,2024-02-15
782,476,89.51,2024-01-04
783,16,142.36,2024-01-02
784,78,93.62,2024-05-12
785,52,94.7,2024-02-15
786,2,135.61,2024-03-19
787,232,54.61,2024-05-26
788,61,151.62,2024-06-14
789,132,34.86,2024-02-28
790,382,82.17,2024-03-12
791,52,132.92,2024-01-20
792,297,166.53,2024-02-22
793,180,159.35,2024-04-16
794,31,145.73,2024-02-24
795,410,75.02,2024-06-15
796,155,28.85,2024-04-30
797,121,47.28,2024-06-12
798,51,173.64,2024-01-15
799,482,172.18,2024-01-01
800,95,190.55,2024-04-04
801,176,19.82,2024-05-16
802,11,109.68,2024-05-30
803,392,131.49,2024-06-28
804,12,143.58,2024-06-02
805,355,130.55,2024-01-18
806,45,155.15,2024-04-14
807,290,75.1,2024-03-05
808,205,39.99,2024-03-17
809,219,44.89,2024-04-25
810,328,7.34,2024-03-09
811,431,73.31,2024-05-21
812,256,22.89,2024-06-22
813,248,67.69,2024-03-15
814,21,127.5,2024-06-08
815,41,179.42,2024-02-20
816,459,168.72,2024-01-15
817,278,54.27,2024-03-09
818,277,31.15,2024-01-15
819,412,42.65,2024-01-30
820,195,194.34,2024-03-18
821,71,112.15,2024-05-31
822,270,40.59,2024-02-04
823,335,168.95,2024-03-09
824,73,82.06,2024-05-19
825,308,180.35,2024-02-15
826,427,55.83,2024-05-05
827,199,81.68,2024-06-12
828,76,103.46,2024-03-25
829,275,179.06,2024-02-17
830,283,174.41,2024-03-07
831,146,117.0,2024-03-29
832,13,48.25,2024-06-12
833,363,83.65,2024-02-21
834,129,195.25,2024-01-22
835,230,123.52,2024-06-14
836,85,157.31,2024-04-08
837,162,92.72,2024-05-10
838,397,108.74,2024-03-28
839,365,88.65,2024-05-15
840,371,142.07,2024-04-27
841,489,171.04,2024-02-08
842,51,103.94,2024-01-18
843,215,98.77,2024-04-14
844,1,71.36,2024-05-10
845,471,39.53,2024-05-25
846,377,188.15,2024-03-20
847,412,66.64,2024-04-26
848,123,161.13,2024-01-01
849,288,144.49,2024-04-26
850,200,159.23,2024-05-07
851,183,187.67,2024-01-26
852,410,126.56,2024-06-28
853,398,180.1,2024-01-12
854,216,37.7,2024-02-07
855,240,127.21,2024-03-25
856,349,155.59,2024-06-17
857,68,57.97,2024-02-22
858,319,149.45,2024-01-13
859,82,156.8,2024-05-07
860,142,167.08,2024-03-16
861,411,66.01,2024-01-13
862,41,137.91,2024-05-25
863,239,64.33,2024-05-26
864,3,149.11,2024-05-26
865,94,95.28,2024-02-17
866,59,121.52,2024-03-11
867,228,86.09,2024-06-04
868,407,36.59,2024-04-01
869,18,39.72,2024-05-26
870,494,20.13,2024-03-26
871,239,125.52,2024-03-23
872,360,170.48,2024-02-17
873,74,9.06,2024-01-29
874,376,17.92,2024-06-24
875,332,94.21,2024-01-19
876,169,148.86,2024-04-08
877,264,35.75,2024-02-16
878,160,57.97,2024-03-29
879,337,50.24,2024-02-29
880,169,82.81,2024-06-24
881,429,48.87,2024-05-27
882,206,73.76,2024-05-26
883,357,147.07,2024-02-11
884,9,124.15,2024-03-17
885,346,20.83,2024-03-16
886,304,129.36,2024-06-25
887,115,98.03,2024-05-22
888,152,187.24,2024-03-08
889,87,61.41,2024-03-19
890,95,146.6,2024-06-03
891,231,147.52,2024-03-15
892,428,48.19,2024-03-27
893,186,181.13,2024-01-15
894,450,100.78,2024-06-28
895,114,137.38,2024-06-07
896,274,33.44,2024-03-30
897,464,55.27,2024-01-07
898,29,119.29,2024-01-13
899,203,67.21,2024-01-13
900,2,102.44,2024-05-27
901,78,77.93,2024-01-10
902,324,129.91,2024-05-03
903,231,99.99,2024-06-28
904,98,5.9,2024-06-13
905,117,131.69,2024-06-28
906,110,87.31,2024-05-05
907,167,71.63,2024-01-27
908,457,23.36,2024-06-10
909,488,47.97,2024-04-09
910,297,48.64,2024-01-16
911,455,187.4,2024-02-28
912,371,89.34,2024-01-21
913,337,13.2,2024-01-16
914,378,32.07,2024-01-13
915,87,20.41,2024-02-02
916,493,119.83,2024-03-09
917,459,41.39,2024-06-03
918,22,102.22,2024-02-21
919,210,77.16,2024-03-05
920,305,161.76,2024-02-13
921,412,67.5,2024-06-06
922,272,94.36,2024-05-30
923,490,145.65,2024-03-19
924,324,89.5,2024-01-16
925,446,159.68,2024-01-18
926,420,134.03,2024-01-17
927,278,85.05,2024-02-21
928,139,103.28,2024-06-21
929,341,193.6,2024-02-25
930,377,134.01,2024-04-02
931,232,181.47,2024-01-09
932,233,39.86,2024-05-24
933,80,99.23,2024-01-27
934,426,182.19,2024-02-06
935,55,67.91,2024-01-22
936,457,193.69,2024-03-12
937,291,23.93,2024-06-14
938,441,181.02,2024-04-08
939,34,91.82,2024-03-12
940,329,19.38,2024-06-20
941,333,176.51,2024-05-02
942,454,54.13,2024-03-31
943,388,9.34,2024-02-05
944,252,31.48,2024-04-07
945,430,133.53,2024-06-01
946,476,195.67,2024-02-11
947,125,26.74,2024-04-20
948,11,95.08,2024-01-13
949,482,40.22,2024-03-19
950,317,150.28,2024-04-27
951,122,28.02,2024-06-27
952,35,51.77,2024-06-26
953,69,43.3,2024-02-21
954,313,112.74,2024-06-09
955,487,175.27,2024-04-04
956,139,104.66,2024-06-01
957,12,16.36,2024-04-21
958,125,114.86,2024-02-27
959,299,160.52,2024-06-16
960,147,30.77,2024-03-27
961,77,19.18,2024-06-14
962,68,41.62,2024-01-03
963,206,150.49,2024-04-25
964,236,120.38,2024-01-16
965,59,110.42,2024-05-09
966,258,53.65,2024-01-23
967,254,69.79,2024-04-07
968,392,193.35,2024-06-06
969,406,51.92,2024-01-10
970,243,180.82,2024-03-05
971,461,118.2,2024-01-22
972,277,29.04,2024-02-21
973,469,96.13,2024-04-20
974,220,189.97,2024-06-09
975,225,86.62,2024-03-20
976,413,173.36,2024-06-06
977,101,55.0,2024-05-31
978,342,116.33,2024-05-12
979,122,169.55,2024-02-22
980,218,184.53,2024-01-23
981,75,99.74,2024-04-15
982,331,129.74,2024-03-31
983,237,5.58,2024-04-28
984,482,54.38,2024-05-17
985,339,59.35,2024-04-29
986,240,23.23,2024-06-09
987,165,59.54,2024-04-02
988,334,67.62,2024-03-02
989,157,193.91,2024-03-22
990,211,135.38,2024-06-03
991,421,88.07,2024-01-07
992,277,197.67,2024-04-09
993,216,34.88,2024-06-03
994,218,97.83,2024-03-14
995,233,131.18,2024-05-17
996,376,15.84,2024-02-26
997,12,144.81,2024-01-30
998,432,24.47,2024-01-03
999,83,32.36,2024-06-05
1000,431,36.14,2024-01-14
1001,113,186.13,2024-03-17
1002,478,138.23,2024-03-23
1003,271,132.81,2024-06-01
1004,195,113.32,2024-05-17
1005,369,62.1,2024-03-19
1006,141,126.07,2024-06-25
1007,443,84.98,2024-02-07
1008,457,33.36,2024-05-21
1009,124,139.47,2024-06-06
1010,141,30.27,2024-02-09
1011,208,42.18,2024-05-19
1012,115,164.45,2024-05-21
1013,206,133.72,2024-05-08
1014,456,128.04,2024-03-08
1015,403,86.55,2024-02-18
1016,441,82.27,2024-01-18
1017,288,139.6,2024-06-12
1018,355,149.3,2024-03-04
1019,343,104.49,2024-04-05
1020,149,194.01,2024-01-28
1021,210,191.36,2024-06-08
1022,112,85.42,2024-01-25
1023,142,165.02,2024-06-23
1024,464,110.94,2024-05-27
1025,24,104.79,2024-06-09
1026,49,15.72,2024-01-30
1027,500,116.93,2024-06-13
1028,288,180.61,2024-04-11
1029,331,157.13,2024-04-26
1030,365,158.33,2024-04-15
1031,11,36.19,2024-03-14
1032,188,74.9,2024-03-09
1033,68,50.47,2024-01-08
1034,445,66.6,2024-05-02
1035,90,118.01,2024-04-06
1036,110,76.13,2024-04-10
1037,389,114.34,2024-01-01
1038,164,90.51,2024-04-04
1039,481,60.89,2024-01-07
1040,448,23.6,2024-03-02
1041,206,178.91,2024-04-20
1042,32,7.22,2024-03-27
1043,327,5.32,2024-03-27
1044,74,166.23,2024-05-02
1045,251,199.38,2024-01-08
1046,450,146.79,2024-03-04
1047,394,7.98,2024-05-15
1048,355,49.2,2024-05-10
1049,21,194.51,2024-05-06
1050,296,162.68,2024-05-06
1051,298,115.53,2024-06-08
1052,328,51.19,2024-04-25
1053,302,7.8,2024-02-18
1054,338,9.07,2024-06-14
1055,73,124.34,2024-05-09
1056,374,9.26,2024-05-06
1057,41,198.76,2024-05-16
1058,94,40.76,2024-02-15
1059,132,143.59,2024-03-05
1060,99,35.24,2024-06-25
1061,398,110.32,2024-06-05
1062,398,20.72,2024-03-30
1063,53,154.52,2024-01-29
1064,496,119.06,2024-02-02
1065,229,21.8,2024-01-28
1066,128,170.47,2024-04-04
1067,212,111.67,2024-03-23
1068,285,184.71,2024-04-21
1069,279,183.74,2024-06-02
1070,495,184.5,2024-04-23
1071,341,20.17,2024-01-29
1072,159,28.59,2024-05-18
1073,352,197.6,2024-04-11
1074,233,100.08,2024-06-10
1075,71,51.45,2024-04-13
1076,205,155.08,2024-02-17
1077,189,56.54,2024-06-03
1078,151,146.81,2024-05-03
1079,8,168.27,2024-06-16
1080,332,157.93,2024-06-07
1081,100,58.44,2024-06-15
1082,16,83.32,2024-04-20
1083,154,85.58,2024-01-24
1084,157,100.8,2024-01-23
1085,93,37.64,2024-06-03
1086,262,93.23,2024-01-16
1087,37,104.6,2024-06-21
1088,161,108.68,2024-01-27
1089,351,164.88,2024-05-12
1090,174,105.88,2024-02-04
1091,317,50.0,2024-06-22
1092,425,134.31,2024-02-25
1093,18,160.48,2024-05-06
1094,486,67.28,2024-05-31
1095,367,130.83,2024-05-17
1096,351,33.65,2024-02-07
1097,16,71.68,2024-06-24
1098,360,182.3,2024-01-09
1099,435,182.71,2024-06-26
1100,421,117.19,2024-03-09
1101,270,141.96,2024-06-24
1102,359,171.53,2024-06-15
1103,68,191.92,2024-01-05
1104,30,100.53,2024-03-24
1105,316,114.51,2024-05-18
1106,309,86.05,2024-02-29
1107,225,19.04,2024-06-03
1108,164,87.45,2024-05-14
1109,414,159.17,2024-06-26
1110,320,161.95,2024-03-07
1111,14,179.01,2024-03-09
1112,279,15.04,2024-03-17
1113,432,107.8,2024-05-23
1114,156,25.95,2024-04-27
1115,122,44.14,2024-01-12
1116,263,180.54,2024-01-27
1117,170,101.87,2024-06-09
1118,10,152.92,2024-03-25
1119,452,17.55,2024-04-17
1120,172,86.28,2024-02-24
1121,358,136.48,2024-02-21
1122,13,31.01,2024-02-06
1123,213,68.53,2024-04-22
1124,161,17.59,2024-04-29
1125,232,132.01,2024-01-15
1126,476,194.32,2024-03-24
1127,471,166.27,2024-03-23
1128,160,195.05,2024-03-05
1129,127,169.89,2024-01-03
1130,48,171.76,2024-04-14
1131,261,117.55,2024-05-12
1132,61,106.06,2024-05-16
1133,122,84.22,2024-05-08
1134,90,164.53,2024-01-30
1135,359,40.5,2024-03-11
1136,255,15.96,2024-05-27
1137,90,189.84,2024-04-02
1138,3,5.74,2024-01-27
1139,280,195.48,2024-03-03
1140,117,147.13,2024-03-21
1141,98,69.06,2024-01-31
1142,162,141.07,2024-05-26
1143,340,164.49,2024-04-23
1144,375,52.85,2024-04-11
1145,478,155.32,2024-04-02
1146,298,161.85,2024-05-14
1147,404,53.62,2024-06-13
1148,297,13.18,2024-03-11
1149,82,44.8,2024-03-26
1150,358,44.13,2024-05-15
1151,148,17.72,2024-01-28
1152,6,146.57,2024-03-22
1153,378,79.1,2024-04-04
1154,185,177.46,2024-01-17
1155,426,54.17,2024-05-18
1156,252,93.38,2024-05-22
1157,25,129.61,2024-06-06
1158,41,176.11,2024-04-04
1159,169,107.3,2024-04-30
1160,3,77.84,2024-01-06
1161,364,174.07,2024-01-12
1162,171,65.5,2024-03-27
1163,430,20.49,2024-04-12
1164,57,91.78,2024-04-13
1165,83,158.09,2024-06-12
1166,330,11.0,2024-02-04
1167,179,119.25,2024-03-07
1168,133,120.92,2024-04-15
1169,86,186.07,2024-04-01
1170,457,60.86,2024-03-03
1171,353,59.37,2024-03-23
1172,271,90.89,2024-06-16
1173,344,74.6,2024-03-22
1174,94,148.59,2024-01-31
1175,382,130.14,2024-02-06
1176,356,152.99,2024-05-12
1177,250,164.91,2024-04-24
1178,295,184.98,2024-04-30
1179,198,89.03,2024-05-11
1180,79,197.02,2024-04-27
1181,166,47.05,2024-06-02
1182,39,144.3,2024-05-31
1183,308,109.13,2024-06-15
1184,214,164.3,2024-02-07
1185,131,97.97,2024-04-19
1186,157,157.87,2024-05-26
1187,477,186.38,2024-01-26
1188,382,147.8,2024-05-06
1189,159,156.34,2024-02-21
1190,493,18.1,2024-04-27
1191,322,44.97,2024-03-01
1192,227,194.99,2024-05-29
1193,45,140.17,2024-05-24
1194,201,114.48,2024-05-18
1195,22,76.56,2024-04-20
1196,339,13.66,2024-06-15
1197,242,76.98,2024-02-18
1198,229,102.29,2024-04-16
1199,394,46.23,2024-04-02
1200,238,38.76,2024-05-03
1201,149,104.14,2024-03-01
1202,273,119.25,2024-05-19
1203,67,51.78,2024-05-20
1204,7,119.54,2024-02-27
1205,233,180.57,2024-01-11
1206,357,97.27,2024-06-07
1207,292,172.19,2024-05-18
1208,256,185.82,2024-05-01
1209,67,23.02,2024-04-14
1210,250,23.68,2024-06-19
1211,77,97.83,2024-02-05
1212,489,119.68,2024-05-09
1213,414,88.05,2024-03-27
1214,87,68.66,2024-03-01
1215,252,129.99,2024-06-12
1216,455,5.41,2024-03-18
1217,222,193.77,2024-02-18
1218,413,50.26,2024-06-03
1219,72,183.83,2024-05-19
1220,202,26.26,2024-01-06
1221,417,51.43,2024-02-13
1222,59,50.8,2024-06-23
1223,276,199.25,2024-01-23
1224,221,5.9,2024-04-24
1225,157,129.73,2024-04-07
1226,181,174.59,2024-04-17
1227,213,136.09,2024-04-05
1228,129,75.73,2024-01-26
1229,243,191.87,2024-05-14
1230,418,179.24,2024-06-08
1231,172,89.62,2024-02-02
1232,480,116.8,2024-03-22
1233,365,193.67,2024-05-27
1234,270,196.6,2024-04-04
1235,421,92.72,2024-06-28
1236,163,170.23,2024-06-18
1237,443,63.89,2024-05-08
1238,24,77.5,2024-01-07
1239,497,37.14,2024-05-03
1240,193,45.79,2024-02-27
1241,366,133.09,2024-03-26
1242,390,104.6,2024-06-26
1243,497,50.07,2024-02-03
1244,452,83.57,2024-02-20
1245,294,77.77,2024-04-29
1246,129,197.54,2024-05-17
1247,41,171.45,2024-04-20
1248,31,80.65,2024-04-15
1249,36,183.21,2024-01-26
1250,457,71.81,2024-02-01
1251,361,135.24,2024-05-03
1252,253,193.5,2024-06-18
1253,438,81.1,2024-01-12
1254,365,137.58,2024-06-16
1255,215,62.71,2024-03-27
1256,287,56.93,2024-03-18
1257,256,116.96,2024-02-03
1258,413,195.96,2024-03-10
1259,369,93.36,2024-06-03
1260,469,187.84,2024-01-08
1261,387,183.3,2024-06-23
1262,186,54.48,2024-03-21
1263,474,83.35,2024-01-26
1264,61,130.44,2024-02-26
1265,262,106.02,2024-05-14
1266,276,23.71,2024-01-26
1267,111,198.77,2024-04-23
1268,317,151.77,2024-04-27
1269,430,90.35,2024-04-25
1270,141,125.54,2024-02-16
1271,233,22.08,2024-04-11
1272,23,101.58,2024-05-03
1273,79,186.51,2024-06-11
1274,494,179.84,2024-06-06
1275,31,70.79,2024-06-26
1276,4,108.62,2024-01-24
1277,459,140.99,2024-01-30
1278,118,71.3,2024-02-23
1279,66,17.65,2024-03-07
1280,400,103.56,2024-02-01
1281,371,122.32,2024-01-08
1282,287,6.14,2024-06-26
1283,176,23.64,2024-06-23
1284,123,45.42,2024-02-15
1285,231,72.87,2024-03-20
1286,43,110.5,2024-02-04
1287,492,62.3,2024-03-29
1288,4,58.86,2024-03-19
1289,190,174.52,2024-06-27
1290,304,33.28,2024-05-15
1291,412,101.61,2024-02-03
1292,250,190.8,2024-01-25
1293,144,126.88,2024-04-22
1294,487,144.86,2024-06-20
1295,345,89.09,2024-03-23
1296,382,8.89,2024-02-12
1297,333,131.0,2024-05-05
1298,453,128.23,2024-06-26
1299,158,26.53,2024-01-13
1300,65,95.12,2024-06-22
1301,325,183.49,2024-05-04
1302,270,44.99,2024-03-16
1303,75,94.91,2024-03-27
1304,418,94.92,2024-04-13
1305,440,163.1,2024-05-09
1306,29,165.79,2024-02-09
1307,466,153.06,2024-01-23
1308,335,76.26,2024-03-09
1309,238,19.05,2024-02-03
1310,153,73.15,2024-06-03
1311,94,137.56,2024-02-24
1312,237,142.04,2024-04-15
1313,322,193.18,2024-01-04
1314,115,93.46,2024-03-10
1315,296,128.32,2024-06-03
1316,219,110.14,2024-02-16
1317,246,34.37,2024-04-23
1318,497,94.93,2024-04-26
1319,399,111.24,2024-04-27
1320,32,190.4,2024-06-16
1321,20,76.48,2024-06-03
1322,53,196.12,2024-01-07
1323,206,110.75,2024-05-30
1324,219,52.28,2024-04-22
1325,195,42.37,2024-04-07
1326,305,32.63,2024-01-29
1327,195,93.32,2024-06-20
1328,461,9.28,2024-04-24
1329,345,91.78,2024-06-03
1330,82,197.74,2024-05-19
1331,1,135.67,2024-05-24
1332,167,153.16,2024-02-06
1333,317,28.21,2024-02-03
1334,183,97.25,2024-06-12
1335,453,60.81,2024-05-13
1336,386,179.35,2024-04-05
1337,350,40.35,2024-06-08
1338,273,94.45,2024-03-13
1339,157,119.67,2024-05-01
1340,373,105.24,2024-05-29
1341,362,166.9,2024-01-10
1342,388,50.13,2024-01-29
1343,201,78.59,2024-05-18
1344,192,159.46,2024-04-01
1345,341,107.97,2024-02-25
1346,299,83.41,2024-03-25
1347,76,10.74,2024-04-04
1348,140,151.91,2024-02-27
1349,306,194.58,2024-02-21
1350,196,125.96,2024-03-01
1351,61,172.03,2024-01-17
1352,476,105.79,2024-01-30
1353,457,50.18,2024-03-12
1354,360,7.82,2024-02-06
1355,307,132.41,2024-05-12
1356,480,101.16,2024-06-02
1357,333,157.51,2024-03-20
1358,354,140.46,2024-05-08
1359,83,197.65,2024-05-16
1360,334,104.51,2024-03-11
1361,5,88.3,2024-04-16
1362,219,60.91,2024-05-31
1363,412,97.99,2024-05-12
1364,254,175.21,2024-06-27
1365,474,13.28,2024-06-14
1366,394,195.69,2024-06-05
1367,88,198.69,2024-06-22
1368,209,121.58,2024-06-28
1369,180,69.65,2024-04-30
1370,208,48.49,2024-06-22
1371,273,58.92,2024-03-15
1372,65,14.77,2024-03-08
1373,380,97.65,2024-05-17
1374,21,16.18,2024-04-07
1375,438,145.1,2024-05-11
1376,367,77.53,2024-02-21
1377,177,43.88,2024-03-14
1378,363,111.25,2024-01-18
1379,22,194.88,2024-03-16
1380,325,140.55,2024-06-27
1381,448,100.89,2024-05-30
1382,36,156.5,2024-04-17
1383,250,148.81,2024-06-01
1384,149,178.89,2024-02-29
1385,440,44.91,2024-02-06
1386,73,172.48,2024-03-17
1387,91,63.7,2024-05-25
1388,176,188.49,2024-05-05
1389,126,59.81,2024-01-29
1390,204,185.74,2024-04-17
1391,402,192.94,2024-01-30
1392,246,33.37,2024-04-28
1393,99,195.03,2024-04-11
1394,271,21.72,2024-01-07
1395,498,47.62,2024-06-17
1396,44,91.61,2024-03-14
1397,222,198.75,2024-02-06
1398,429,100.27,2024-01-27
1399,97,112.33,2024-01-21
1400,36,140.41,2024-02-12
1401,168,193.82,2024-02-20
1402,435,157.75,2024-04-02
1403,30,48.71,2024-03-11
1404,282,64.08,2024-01-13
1405,85,24.04,2024-04-18
1406,357,130.67,2024-04-23
1407,491,40.24,2024-06-01
1408,121,55.19,2024-05-04
1409,287,178.18,2024-04-14
1410,248,68.72,2024-05-20
1411,184,115.5,2024-02-06
1412,253,82.53,2024-06-06
1413,445,19.44,2024-05-19
1414,273,75.76,2024-01-18
1415,209,84.57,2024-05-01
1416,354,179.66,2024-03-25
1417,382,68.27,2024-04-26
1418,24,78.95,2024-04-27
1419,122,157.66,2024-03-02
1420,225,153.0,2024-01-24
1421,388,160.67,2024-02-29
1422,393,190.99,2024-05-24
1423,386,160.13,2024-04-15
1424,419,84.48,2024-02-29
1425,123,165.19,2024-01-09
1426,294,104.19,2024-06-28
1427,173,59.15,2024-05-22
1428,143,64.07,2024-03-17
1429,491,48.65,2024-06-04
1430,426,33.27,2024-03-21
1431,387,40.98,2024-05-05
1432,415,17.32,2024-05-16
1433,436,178.25,2024-02-25
1434,169,186.55,2024-04-03
1435,57,119.42,2024-05-06
1436,42,168.9,2024-02-05
1437,309,40.8,2024-05-07
1438,119,180.83,2024-01-20
1439,121,103.74,2024-02-24
1440,312,18.1,2024-02-29
1441,251,32.56,2024-06-11
1442,343,65.25,2024-05-08
1443,332,13.49,2024-02-14
1444,456,65.31,2024-06-16
1445,437,16.69,2024-06-14
1446,341,51.03,2024-01-24
1447,341,56.81,2024-01-04
1448,416,198.9,2024-03-31
1449,337,50.93,2024-04-16
1450,182,51.64,2024-01-13
1451,165,138.92,2024-05-28
1452,472,172.57,2024-04-10
1453,264,80.48,2024-06-08
1454,210,175.75,2024-06-14
1455,11,71.33,2024-04-04
1456,182,43.42,2024-06-08
1457,444,69.28,2024-02-26
1458,251,123.82,2024-06-24
1459,138,76.59,2024-06-06
1460,218,136.21,2024-03-11
1461,239,51.2,2024-06-14
1462,454,141.69,2024-06-20
1463,371,72.75,2024-06-02
1464,337,93.89,2024-04-09
1465,87,113.76,2024-04-16
1466,298,138.81,2024-03-30
1467,293,51.55,2024-04-17
1468,92,168.01,2024-05-09
1469,208,145.76,2024-02-12
1470,204,50.65,2024-02-12
1471,186,195.12,2024-03-03
1472,85,134.64,2024-03-13
1473,315,93.22,2024-04-26
1474,152,35.72,2024-02-17
1475,156,108.98,2024-01-05
1476,293,37.13,2024-03-16
1477,21,88.75,2024-02-04
1478,161,84.7,2024-04-02
1479,386,145.39,2024-05-23
1480,485,42.51,2024-03-23
1481,339,165.26,2024-06-25
1482,156,68.6,2024-02-29
1483,143,91.58,2024-04-16
1484,257,155.61,2024-04-26
1485,107,126.95,2024-02-20
1486,284,65.06,2024-05-06
1487,50,80.31,2024-03-31
1488,35,64.63,2024-03-22
1489,224,120.98,2024-02-28
1490,156,69.86,2024-03-04
1491,393,146.51,2024-04-14
1492,408,118.06,2024-05-20
1493,191,33.41,2024-06-02
1494,388,65.5,2024-03-10
1495,184,48.18,2024-05-10
1496,237,81.11,2024-01-12
1497,297,105.62,2024-02-10
1498,323,103.82,2024-04-14
1499,304,152.13,2024-03-05
1500,342,41.89,2024-03-03
1501,488,189.56,2024-06-26
1502,58,71.85,2024-06-23
1503,39,63.55,2024-01-08
1504,241,138.61,2024-06-07
1505,25,162.08,2024-01-11
1506,316,78.8,2024-01-17
1507,496,150.64,2024-06-03
1508,117,177.33,2024-05-03
1509,342,154.53,2024-04-04
1510,370,11.67,2024-06-03
1511,240,166.34,2024-04-24
1512,175,156.02,2024-05-02
1513,482,135.51,2024-03-27
1514,445,153.2,2024-02-25
1515,340,195.99,2024-04-03
1516,228,89.07,2024-04-07
1517,485,18.11,2024-06-23
1518,487,94.87,2024-01-19
1519,253,14.05,2024-02-26
1520,411,62.38,2024-06-07
1521,380,119.44,2024-01-16
1522,111,65.38,2024-02-14
1523,241,138.65,2024-06-03
1524,224,165.29,2024-06-02
1525,298,86.99,2024-06-05
1526,52,180.53,2024-04-22
1527,221,20.57,2024-04-30
1528,489,168.82,2024-04-12
1529,304,166.57,2024-05-06
1530,288,67.79,2024-02-13
1531,152,63.25,2024-04-18
1532,387,64.49,2024-06-05
1533,118,163.22,2024-04-18
1534,411,167.17,2024-04-19
1535,457,69.3,2024-04-20
1536,424,120.56,2024-05-09
1537,279,32.09,2024-05-13
1538,135,96.41,2024-01-09
1539,209,199.76,2024-01-15
1540,127,35.97,2024-02-27
1541,293,189.77,2024-01-02
1542,7,165.73,2024-05-10
1543,222,194.58,2024-06-28
1544,77,40.02,2024-02-24
1545,338,46.64,2024-02-22
1546,351,8.29,2024-04-03
1547,278,146.32,2024-03-12
1548,334,130.6,2024-02-09
1549,338,39.72,2024-02-08
1550,227,159.27,2024-06-19
1551,401,63.34,2024-05-20
1552,275,31.32,2024-04-13
1553,351,87.4,2024-04-14
1554,295,22.74,2024-06-13
1555,117,56.33,2024-02-24
1556,292,77.41,2024-06-08
1557,271,171.11,2024-05-21
1558,447,159.55,2024-03-05
1559,157,91.34,2024-06-03
1560,60,146.29,2024-01-24
1561,184,115.89,2024-04-24
1562,424,71.46,2024-04-22
1563,144,146.55,2024-01-22
1564,161,138.28,2024-03-18
1565,89,125.72,2024-02-14
1566,16,125.5,2024-05-15
1567,414,138.18,2024-03-04
1568,249,79.99,2024-04-06
1569,98,174.47,2024-04-24
1570,450,36.65,2024-06-23
1571,104,177.36,2024-01-21
1572,300,71.74,2024-06-08
1573,235,29.38,2024-04-14
1574,422,122.01,2024-02-14
1575,307,78.32,2024-02-13
1576,444,164.02,2024-02-10
1577,274,89.0,2024-04-05
1578,261,135.37,2024-06-28
1579,239,65.11,2024-05-18
1580,424,45.84,2024-04-10
1581,262,80.67,2024-04-24
1582,332,123.33,2024-01-18
1583,115,133.1,2024-05-18
1584,268,117.75,2024-01-27
1585,12,197.67,2024-06-19
1586,73,139.76,2024-04-11
1587,362,186.65,2024-01-29
1588,406,28.0,2024-05-28
1589,305,16.97,2024-01-29
1590,178,65.64,2024-05-16
1591,464,31.63,2024-04-11
1592,260,107.54,2024-03-31
1593,434,106.2,2024-01-05
1594,259,117.13,2024-04-06
1595,400,150.32,2024-01-15
1596,270,194.41,2024-01-05
1597,320,176.26,2024-05-27
1598,120,28.08,2024-04-10
1599,169,71.01,2024-03-21
1600,486,54.89,2024-04-23
1601,68,39.48,2024-01-04
1602,59,111.22,2024-02-03
1603,130,112.89,2024-02-09
1604,375,49.31,2024-05-29
1605,266,143.82,2024-05-06
1606,75,147.92,2024-05-21
1607,487,9.09,2024-05-15
1608,90,82.17,2024-05-07
1609,357,178.58,2024-03-07
1610,154,106.46,2024-06-22
1611,388,72.79,2024-06-05
1612,218,54.47,2024-04-23
1613,486,52.45,2024-04-28
1614,28,24.45,2024-04-03
1615,130,164.36,2024-01-12
1616,66,21.9,2024-02-21
1617,144,62.0,2024-01-02
1618,380,13.91,2024-01-01
1619,313,157.37,2024-02-24
1620,407,12.66,2024-04-13
1621,407,65.12,2024-04-08
1622,461,116.79,2024-06-10
1623,277,84.86,2024-03-08
1624,103,60.04,2024-03-22
1625,409,58.66,2024-05-19
1626,314,160.57,2024-02-19
1627,37,194.93,2024-01-21
1628,249,72.87,2024-01-10
1629,433,12.63,2024-03-25
1630,461,12.13,2024-04-13
1631,399,153.05,2024-03-29
1632,156,112.71,2024-04-23
1633,451,157.8,2024-04-24
1634,471,141.01,2024-01-14
1635,132,181.96,2024-06-16
1636,47,177.74,2024-04-13
1637,434,158.72,2024-03-22
1638,444,97.66,2024-01-30
1639,446,65.08,2024-01-14
1640,195,103.87,2024-06-28
1641,103,102.9,2024-04-19
1642,328,124.0,2024-05-24
1643,171,41.29,2024-03-02
1644,89,132.85,2024-04-19
1645,246,94.04,2024-05-29
1646,58,125.94,2024-02-22
1647,105,51.72,2024-06-08
1648,180,89.71,2024-03-16
1649,460,45.99,2024-02-24
1650,69,175.68,2024-01-22
1651,481,100.15,2024-06-14
1652,302,48.87,2024-06-26
1653,153,13.04,2024-04-12
1654,25,136.77,2024-02-14
1655,377,46.86,2024-04-28
1656,35,197.97,2024-01-08
1657,445,109.07,2024-03-05
1658,15,61.35,2024-06-16
1659,106,133.25,2024-01-05
1660,218,58.67,2024-02-14
1661,384,164.95,2024-02-15
1662,74,65.11,2024-06-12
1663,344,197.71,2024-05-24
1664,419,123.0,2024-06-17
1665,285,169.66,2024-06-06
1666,38,19.2,2024-06-28
1667,197,72.92,2024-03-19
1668,280,148.81,2024-05-27
1669,275,132.74,2024-06-12
1670,174,42.88,2024-03-06
1671,305,74.46,2024-06-21
1672,44,56.37,2024-01-04
1673,457,124.61,2024-06-26
1674,154,72.19,2024-03-28
1675,153,65.27,2024-02-24
1676,291,45.44,2024-02-28
1677,498,84.76,2024-06-18
1678,420,43.12,2024-01-02
1679,142,192.7,2024-02-15
1680,256,35.13,2024-01-02
1681,312,183.09,2024-06-26
1682,134,88.55,2024-05-08
1683,32,78.68,2024-01-13
1684,26,50.11,2024-03-10
1685,399,128.97,2024-01-22
1686,255,138.68,2024-01-17
1687,433,96.18,2024-03-26
1688,223,15.86,2024-03-10
1689,56,184.11,2024-04-25
1690,293,196.16,2024-01-03
1691,125,89.05,2024-04-19
1692,230,124.66,2024-03-21
1693,53,92.81,2024-06-25
1694,442,67.77,2024-06-26
1695,101,20.08,2024-04-10
1696,467,93.93,2024-02-04
1697,334,164.58,2024-05-30
1698,292,8.32,2024-05-14
1699,357,118.51,2024-02-19
1700,267,176.75,2024-01-10
1701,283,47.42,2024-01-19
1702,2,40.73,2024-01-23
1703,22,155.59,2024-04-04
1704,66,54.74,2024-03-04
1705,212,42.44,2024-06-09
1706,236,78.71,2024-04-05
1707,368,81.54,2024-04-06
1708,17,175.45,2024-01-09
1709,388,125.6,2024-05-04
1710,14,84.16,2024-06-05
1711,7,109.21,2024-01-18
1712,335,191.02,2024-03-22
1713,222,27.08,2024-01-29
1714,400,45.5,2024-04-25
1715,104,192.69,2024-03-23
1716,450,191.68,2024-03-01
1717,403,39.55,2024-05-12
1718,1,33.3,2024-04-14
1719,287,87.11,2024-04-23
1720,384,14.7,2024-03-09
1721,247,132.71,2024-04-27
1722,388,20.11,2024-06-28
1723,91,16.32,2024-01-15
1724,314,99.61,2024-03-30
1725,312,191.77,2024-03-28
1726,437,88.23,2024-03-23
1727,473,74.51,2024-01-20
1728,214,199.6,2024-04-16
1729,43,108.73,2024-03-13
1730,74,78.17,2024-04-01
1731,242,80.24,2024-01-16
1732,481,43.02,2024-03-15
1733,49,104.88,2024-04-07
1734,368,90.58,2024-06-01
1735,364,57.81,2024-04-28
1736,316,36.31,2024-02-26
1737,222,65.69,2024-05-28
1738,350,104.19,2024-05-12
1739,144,16.37,2024-05-16
1740,329,34.98,2024-01-11
1741,209,189.79,2024-04-14
1742,99,110.86,2024-03-05
1743,188,17.37,2024-01-26
1744,114,140.15,2024-01-19
1745,175,17.05,2024-01-16
1746,271,149.08,2024-02-25
1747,63,151.24,2024-04-10
1748,496,131.96,2024-04-23
1749,284,147.78,2024-03-08
1750,404,22.15,2024-03-18
1751,225,146.72,2024-01-30
1752,447,31.65,2024-01-07
1753,161,71.2,2024-05-19
1754,36,188.84,2024-05-31
1755,381,103.06,2024-04-16
1756,141,193.65,2024-01-22
1757,318,22.34,2024-06-23
1758,196,98.12,2024-01-30
1759,151,17.17,2024-06-15
1760,456,127.89,2024-05-27
1761,269,20.35,2024-06-02
1762,344,39.2,2024-02-18
1763,40,55.47,2024-03-09
1764,238,151.01,2024-02-11
1765,414,36.97,2024-01-06
1766,380,170.09,2024-02-03
1767,222,30.72,2024-05-01
1768,281,11.87,2024-05-03
1769,225,82.03,2024-01-10
1770,457,195.99,2024-01-28
1771,154,26.52,2024-01-03
1772,280,24.84,2024-03-17
1773,353,151.48,2024-06-24
1774,39,65.87,2024-04-20
1775,217,144.87,2024-05-05
1776,244,44.0,2024-02-04
1777,109,94.71,2024-06-28
1778,463,56.73,2024-04-23
1779,61,93.05,2024-03-02
1780,489,154.97,2024-02-21
1781,496,153.59,2024-04-25
1782,433,105.58,2024-02-16
1783,425,186.03,2024-06-04
1784,198,56.44,2024-04-10
1785,276,51.86,2024-01-23
1786,172,124.69,2024-04-16
1787,272,126.15,2024-02-04
1788,405,14.08,2024-04-12
1789,271,123.52,2024-04-28
1790,423,78.02,2024-02-01
1791,42,150.75,2024-01-02
1792,189,162.58,2024-04-21
1793,260,112.67,2024-05-01
1794,152,5.33,2024-01-16
1795,131,129.09,2024-05-23
1796,114,151.03,2024-06-27
1797,385,53.55,2024-04-01
1798,222,95.61,2024-02-23
1799,397,193.32,2024-05-27
1800,54,63.13,2024-02-02
1801,338,48.51,2024-05-15
1802,296,46.12,2024-05-31
1803,383,113.97,2024-02-22
1804,395,190.21,2024-03-04
1805,42,123.69,2024-02-27
1806,93,64.15,2024-04-27
1807,260,129.52,2024-02-06
1808,281,126.84,2024-01-12
1809,356,121.4,2024-03-24
1810,420,36.09,2024-05-11
1811,192,128.74,2024-04-03
1812,125,88.88,2024-06-07
1813,428,8.63,2024-03-26
1814,296,110.25,2024-02-07
1815,348,197.91,2024-06-13
1816,429,73.2,2024-04-01
1817,392,193.28,2024-01-14
1818,341,23.76,2024-03-15
1819,35,147.83,2024-05-07
1820,428,27.29,2024-03-13
1821,402,58.35,2024-05-31
1822,47,116.31,2024-01-10
1823,153,120.59,2024-02-07
1824,238,156.17,2024-06-19
1825,425,124.99,2024-04-14
1826,5,120.75,2024-06-13
1827,448,182.91,2024-06-18
1828,446,93.17,2024-02-01
1829,125,48.93,2024-01-14
1830,367,36.55,2024-05-11
1831,328,83.0,2024-05-31
1832,87,143.99,2024-04-05
1833,3,13.3,2024-01-10
1834,492,30.17,2024-04-27
1835,165,25.69,2024-04-16
1836,223,119.12,2024-01-16
1837,349,52.36,2024-06-15
1838,297,37.42,2024-04-05
1839,404,120.59,2024-01-18
1840,451,153.46,2024-06-01
1841,343,69.77,2024-01-07
1842,424,117.75,2024-05-05
1843,341,24.13,2024-06-23
1844,461,187.36,2024-04-24
1845,392,70.69,2024-04-20
1846,389,199.51,2024-03-22
1847,25,195.82,2024-05-10
1848,39,156.87,2024-05-08
1849,421,8.91,2024-02-02
1850,381,110.98,2024-03-14
1851,105,21.93,2024-04-17
1852,5,179.55,2024-02-28
1853,136,158.98,2024-03-12
1854,492,194.61,2024-06-08
1855,4,123.63,2024-03-27
1856,169,106.82,2024-05-24
1857,316,106.2,2024-01-17
1858,310,80.36,2024-03-29
1859,406,96.39,2024-05-28
1860,78,128.91,2024-02-24
1861,19,186.92,2024-01-06
1862,205,121.2,2024-03-24
1863,355,172.14,2024-06-25
1864,324,173.24,2024-03-24
1865,33,106.17,2024-06-02
1866,150,72.76,2024-06-08
1867,193,129.72,2024-03-12
1868,139,91.95,2024-04-18
1869,272,20.88,2024-04-21
1870,196,78.67,2024-06-20
1871,127,198.84,2024-01-29
1872,349,14.46,2024-01-17
1873,231,140.85,2024-01-18
1874,44,169.03,2024-06-16
1875,230,131.5,2024-03-03
1876,216,116.1,2024-03-22
1877,244,142.97,2024-03-15
1878,9,88.72,2024-06-21
1879,250,22.82,2024-03-19
1880,200,192.66,2024-03-30
1881,334,89.3,2024-05-10
1882,79,134.75,2024-05-10
1883,245,108.61,2024-06-14
1884,190,15.66,2024-04-08
1885,86,190.79,2024-04-16
1886,485,159.54,2024-02-09
1887,271,34.07,2024-03-08
1888,262,196.42,2024-01-20
1889,1,148.7,2024-01-15
1890,20,97.1,2024-04-02
1891,489,124.22,2024-05-12
1892,420,25.81,2024-02-08
1893,130,114.28,2024-02-09
1894,326,19.36,2024-05-14
1895,258,111.25,2024-04-05
1896,131,112.78,2024-04-09
1897,7,175.52,2024-02-02
1898,340,146.39,2024-04-27
1899,241,53.66,2024-02-06
1900,192,178.24,2024-02-01
1901,425,116.78,2024-02-12
1902,310,123.24,2024-02-05
1903,297,37.95,2024-04-07
1904,115,172.27,2024-02-18
1905,389,186.54,2024-01-25
1906,473,156.12,2024-04-17
1907,102,188.45,2024-04-05
1908,338,63.95,2024-03-06
1909,319,172.92,2024-01-09
1910,1,100.33,2024-04-11
1911,25,36.96,2024-05-25
1912,209,135.42,2024-01-22
1913,430,138.4,2024-04-08
1914,143,60.95,2024-01-15
1915,197,10.36,2024-01-07
1916,145,43.97,2024-05-20
1917,149,82.96,2024-04-15
1918,181,37.67,2024-06-12
1919,55,42.84,2024-01-16
1920,471,81.32,2024-06-17
1921,363,192.55,2024-01-21
1922,138,154.03,2024-01-28
1923,209,67.35,2024-03-14
1924,185,190.56,2024-03-23
1925,65,130.9,2024-01-17
1926,37,93.81,2024-03-05
1927,112,96.32,2024-05-20
1928,263,85.1,2024-02-05
1929,76,50.43,2024-02-27
1930,296,80.39,2024-01-20
1931,178,107.94,2024-04-13
1932,254,107.97,2024-06-28
1933,1,153.54,2024-01-06
1934,148,74.97,2024-01-23
1935,364,144.78,2024-06-18
1936,159,117.73,2024-05-31
1937,324,192.56,2024-01-05
1938,474,80.13,2024-06-08
1939,268,180.74,2024-02-15
1940,150,165.03,2024-01-17
1941,129,129.34,2024-03-15
1942,126,132.63,2024-01-27
1943,1,21.51,2024-01-23
1944,387,190.29,2024-03-27
1945,117,25.85,2024-04-22
1946,460,114.83,2024-04-30
1947,149,69.36,2024-06-10
1948,269,88.82,2024-05-28
1949,189,123.99,2024-05-29
1950,141,182.23,2024-03-05
1951,105,94.23,2024-06-08
1952,466,197.61,2024-01-28
1953,252,120.6,2024-03-22
1954,417,36.31,2024-01-07
1955,390,42.05,2024-04-11
1956,281,144.64,2024-01-14
1957,407,14.83,2024-02-27
1958,344,98.67,2024-02-13
1959,101,33.9,2024-06-22
1960,282,89.48,2024-01-14
1961,388,151.23,2024-02-13
1962,358,94.47,2024-06-17
1963,163,36.87,2024-03-13
1964,497,54.13,2024-01-02
1965,203,76.67,2024-01-05
1966,100,18.56,2024-03-30
1967,281,118.95,2024-03-27
1968,404,123.47,2024-05-19
1969,257,17.12,2024-03-18
1970,94,83.45,2024-05-06
1971,324,85.73,2024-03-17
1972,279,70.09,2024-04-08
1973,227,113.76,2024-02-16
1974,362,72.46,2024-03-19
1975,150,86.2,2024-06-11
1976,351,160.52,2024-04-25
1977,62,36.61,2024-05-26
1978,129,125.73,2024-03-19
1979,187,103.59,2024-04-24
1980,68,64.49,2024-01-08
1981,403,146.87,2024-01-23
1982,30,112.48,2024-01-13
1983,385,98.09,2024-01-23
1984,304,135.2,2024-01-31
1985,275,161.45,2024-06-06
1986,127,194.67,2024-06-18
1987,436,127.72,2024-05-09
1988,213,175.52,2024-05-18
1989,406,5.21,2024-06-01
1990,306,108.4,2024-06-05
1991,450,46.86,2024-01-22
1992,134,23.37,2024-05-05
1993,448,108.73,2024-05-26
1994,405,150.63,2024-06-17
1995,481,85.39,2024-06-14
1996,403,135.67,2024-06-05
1997,219,100.5,2024-03-14
1998,421,90.23,2024-01-22
1999,319,61.6,2024-01-08
2000,157,79.61,2024-02-16
2001,188,73.21,2024-05-13
2002,476,131.01,2024-01-07
2003,162,27.62,2024-06-12
2004,129,23.06,2024-05-15
2005,304,133.7,2024-03-28
2006,89,111.53,2024-02-15
2007,383,88.89,2024-03-04
2008,405,34.73,2024-06-07
2009,162,85.15,2024-01-23
2010,410,159.0,2024-03-01
2011,36,178.48,2024-02-19
2012,227,142.0,2024-02-15
2013,151,16.68,2024-02-12
2014,81,135.73,2024-05-17
2015,47,51.99,2024-04-04
2016,490,66.47,2024-05-27
2017,204,43.2,2024-05-23
2018,428,156.27,2024-01-03
2019,148,131.48,2024-01-30
2020,231,124.31,2024-01-18
2021,27,135.25,2024-02-04
2022,490,51.17,2024-05-26
2023,189,91.71,2024-01-26
2024,165,128.48,2024-02-04
2025,212,129.14,2024-03-16
2026,308,159.41,2024-03-12
2027,75,60.99,2024-02-26
2028,92,155.22,2024-04-10
2029,62,90.84,2024-02-18
2030,66,135.68,2024-01-10
2031,408,93.87,2024-04-14
2032,80,189.98,2024-06-05
2033,140,39.96,2024-04-13
2034,400,136.63,2024-03-11
2035,420,117.42,2024-04-07
2036,130,38.68,2024-03-08
2037,473,17.87,2024-03-18
2038,254,160.83,2024-01-24
2039,446,35.7,2024-02-12
2040,320,41.37,2024-04-04
2041,29,195.79,2024-05-05
2042,476,144.87,2024-06-15
2043,202,53.84,2024-04-01
2044,237,120.24,2024-06-01
2045,87,109.15,2024-03-23
2046,96,169.67,2024-02-03
2047,287,147.22,2024-04-28
2048,339,167.19,2024-02-22
2049,399,46.24,2024-02-22
2050,439,129.84,2024-05-25
2051,289,12.85,2024-04-26
2052,252,18.44,2024-05-14
2053,465,144.14,2024-03-15
2054,180,9.76,2024-02-11
2055,100,118.05,2024-05-18
2056,404,168.88,2024-05-16
2057,73,79.09,2024-02-04
2058,422,13.74,2024-04-10
2059,131,144.2,2024-03-27
2060,182,186.29,2024-04-06
2061,194,144.85,2024-03-24
2062,18,117.8,2024-01-05
2063,471,49.86,2024-06-02
2064,126,8.0,2024-02-20
2065,211,140.46,2024-02-07
2066,7,50.05,2024-01-03
2067,419,172.34,2024-01-13
2068,380,95.94,2024-06-11
2069,114,108.47,2024-03-27
2070,340,152.02,2024-01-03
2071,84,156.99,2024-02-24
2072,339,130.32,2024-06-21
2073,361,187.99,2024-03-06
2074,464,196.55,2024-03-24
2075,102,189.64,2024-06-20
2076,469,165.71,2024-03-13
2077,93,142.6,2024-04-21
2078,492,134.35,2024-03-02
2079,316,25.23,2024-01-25
2080,102,57.94,2024-02-21
2081,493,6.11,2024-02-19
2082,251,31.79,2024-05-01
2083,24,90.65,2024-05-08
2084,485,33.57,2024-02-08
2085,477,180.82,2024-02-21
2086,479,162.11,2024-03-16
2087,365,18.96,2024-02-09
2088,500,53.54,2024-02-29
2089,167,164.72,2024-04-19
2090,140,161.59,2024-03-24
2091,94,189.36,2024-01-20
2092,181,199.52,2024-03-25
2093,64,195.37,2024-01-02
2094,4,84.98,2024-04-15
2095,94,53.81,2024-01-09
2096,389,152.89,2024-06-15
2097,272,63.36,2024-06-06
2098,283,162.25,2024-02-27
2099,132,109.12,2024-06-20
2100,72,159.82,2024-02-12
2101,304,58.8,2024-05-17
2102,392,104.07,2024-04-18
2103,81,114.98,2024-02-17
2104,174,188.91,2024-05-05
2105,300,56.99,2024-05-24
2106,451,187.65,2024-05-07
2107,475,161.95,2024-05-12
2108,52,147.52,2024-04-16
2109,290,158.44,2024-03-11
2110,446,123.06,2024-05-11
2111,237,52.6,2024-04-10
2112,277,41.95,2024-03-23
2113,491,173.94,2024-01-28
2114,280,146.4,2024-04-15
2115,44,46.57,2024-02-07
2116,370,124.94,2024-03-06
2117,254,92.27,2024-02-16
2118,425,35.94,2024-04-15
2119,413,108.71,2024-04-12
2120,359,59.9,2024-01-25
2121,134,23.77,2024-03-06
2122,56,96.06,2024-03-19
2123,14,120.07,2024-03-07
2124,178,14.15,2024-02-09
2125,462,83.41,2024-04-09
2126,101,55.24,2024-06-26
2127,180,10.98,2024-04-24
2128,472,29.5,2024-06-16
2129,461,32.11,2024-04-28
2130,257,40.66,2024-06-13
2131,268,161.66,2024-05-24
2132,371,90.7,2024-03-02
2133,362,33.68,2024-06-17
2134,408,24.56,2024-03-16
2135,37,63.1,2024-06-18
2136,468,160.61,2024-01-31
2137,454,76.07,2024-02-02
2138,204,36.18,2024-02-12
2139,469,83.8,2024-04-02
2140,259,113.29,2024-02-07
2141,155,10.77,2024-02-10
2142,238,127.39,2024-04-27
2143,309,82.04,2024-06-16
2144,100,6.9,2024-06-06
2145,273,136.41,2024-06-23
2146,113,143.92,2024-01-22
2147,110,127.62,2024-04-05
2148,143,71.68,2024-05-06
2149,167,108.27,2024-06-19
2150,260,80.5,2024-03-01
2151,145,141.62,2024-03-14
2152,230,118.8,2024-02-01
2153,395,20.95,2024-05-11
2154,268,130.4,2024-02-14
2155,495,139.01,2024-03-12
2156,32,77.29,2024-01-20
2157,411,175.78,2024-03-05
2158,428,169.39,2024-03-29
2159,299,39.16,2024-06-02
2160,219,181.33,2024-01-23
2161,177,90.97,2024-02-09
2162,104,146.13,2024-05-09
2163,236,163.75,2024-06-02
2164,93,103.5,2024-03-18
2165,201,82.82,2024-02-13
2166,299,183.51,2024-06-07
2167,387,50.02,2024-06-02
2168,231,55.11,2024-04-22
2169,413,75.52,2024-03-23
2170,255,172.6,2024-04-26
2171,85,188.06,2024-01-05
2172,35,47.91,2024-04-30
2173,117,173.45,2024-03-10
2174,176,55.35,2024-02-04
2175,458,194.28,2024-01-16
2176,471,121.49,2024-06-07
2177,423,6.38,2024-01-14
2178,473,11.66,2024-01-25
2179,408,33.76,2024-03-19
2180,276,41.58,2024-04-10
2181,399,154.69,2024-04-14
2182,85,48.44,2024-05-25
2183,117,193.98,2024-06-26
2184,362,129.04,2024-01-20
2185,204,140.04,2024-02-25
2186,146,47.47,2024-05-09
2187,444,179.08,2024-06-02
2188,215,135.22,2024-01-23
2189,105,173.56,2024-02-01
2190,349,191.51,2024-05-20
2191,297,29.5,2024-01-13
2192,356,23.83,2024-05-24
2193,69,161.66,2024-01-27
2194,487,173.89,2024-05-24
2195,474,118.83,2024-06-14
2196,255,76.37,2024-01-14
2197,231,132.26,2024-05-21
2198,203,64.6,2024-05-19
2199,362,51.49,2024-03-09
2200,395,100.19,2024-03-08
2201,248,47.15,2024-02-24
2202,440,99.32,2024-01-29
2203,402,191.54,2024-03-29
2204,396,168.76,2024-02-14
2205,249,188.62,2024-05-11
2206,144,162.23,2024-05-23
2207,283,74.18,2024-03-06
2208,356,163.35,2024-01-23
2209,401,184.97,2024-03-08
2210,241,189.67,2024-05-27
2211,341,138.22,2024-05-24
2212,375,46.22,2024-06-28
2213,229,12.75,2024-01-06
2214,31,33.7,2024-03-22
2215,109,193.28,2024-05-02
2216,419,95.11,2024-06-15
2217,27,171.72,2024-04-14
2218,343,95.68,2024-02-03
2219,160,133.86,2024-02-23
2220,17,9.71,2024-03-22
2221,267,53.72,2024-04-03
2222,129,90.07,2024-03-05
2223,220,127.97,2024-03-27
2224,82,38.45,2024-01-29
2225,49,154.09,2024-02-10
2226,41,76.06,2024-04-14
2227,20,164.4,2024-03-03
2228,327,24.1,2024-06-08
2229,37,137.55,2024-03-06
2230,382,62.2,2024-04-21
2231,400,160.1,2024-04-09
2232,39,83.42,2024-06-21
2233,109,134.74,2024-05-24
2234,429,187.19,2024-06-19
2235,64,9.02,2024-03-06
2236,175,7.17,2024-03-08
2237,279,155.2,2024-02-03
2238,32,131.05,2024-01-01
2239,433,62.13,2024-05-30
2240,209,101.41,2024-05-13
2241,379,13.18,2024-01-16
2242,19,42.53,2024-01-02
2243,106,87.78,2024-04-25
2244,482,167.64,2024-03-16
2245,206,98.54,2024-01-27
2246,247,119.34,2024-01-19
2247,323,175.38,2024-01-28
2248,167,65.22,2024-02-04
2249,89,141.64,2024-04-24
2250,316,173.03,2024-03-08
2251,11,44.51,2024-02-18
2252,49,74.51,2024-01-07
2253,399,196.06,2024-02-06
2254,384,196.73,2024-04-24
2255,467,48.53,2024-06-01
2256,61,17.96,2024-04-24
2257,171,57.83,2024-02-10
2258,143,82.56,2024-03-21
2259,207,91.0,2024-03-02
2260,486,125.67,2024-06-17
2261,463,180.4,2024-05-21
2262,201,69.42,2024-01-02
2263,5,170.75,2024-03-28
2264,211,23.23,2024-02-17
2265,472,13.17,2024-06-27
2266,29,103.29,2024-02-24
2267,190,16.63,2024-01-12
2268,188,81.54,2024-01-01
2269,325,179.87,2024-04-12
2270,255,52.09,2024-02-03
2271,150,142.67,2024-04-21
2272,13,63.96,2024-02-15
2273,434,13.76,2024-05-26
2274,372,113.55,2024-06-04
2275,497,167.8,2024-04-08
2276,431,84.85,2024-06-16
2277,366,125.37,2024-02-26
2278,157,180.5,2024-02-20
2279,80,158.99,2024-01-22
2280,356,42.81,2024-03-08
2281,273,148.01,2024-05-15
2282,148,102.87,2024-02-29
2283,206,150.46,2024-03-05
2284,114,101.43,2024-02-05
2285,6,29.95,2024-01-29
2286,278,116.13,2024-02-25
2287,232,100.97,2024-03-22
2288,137,105.99,2024-05-11
2289,160,176.39,2024-06-26
2290,344,179.49,2024-06-15
2291,289,93.44,2024-06-11
2292,205,93.87,2024-06-01
2293,483,105.46,2024-02-13
2294,326,106.32,2024-06-23
2295,305,190.33,2024-06-16
2296,360,131.63,2024-01-31
2297,158,59.1,2024-03-21
2298,358,108.65,2024-03-14
2299,400,127.31,2024-06-19
2300,449,129.76,2024-05-03
2301,106,119.12,2024-01-16
2302,82,39.66,2024-03-08
2303,342,11.55,2024-04-28
2304,474,70.88,2024-03-09
2305,270,88.37,2024-02-11
2306,440,17.05,2024-04-19
2307,421,163.92,2024-02-10
2308,49,72.1,2024-02-19
2309,206,183.16,2024-01-06
2310,218,35.11,2024-03-15
2311,306,16.1,2024-01-17
2312,164,99.05,2024-04-14
2313,436,41.88,2024-03-07
2314,279,187.79,2024-05-23
2315,322,7.01,2024-06-28
2316,231,85.46,2024-04-09
2317,199,185.72,2024-03-30
2318,487,79.96,2024-06-10
2319,429,23.16,2024-03-21
2320,371,64.06,2024-04-24
2321,214,102.11,2024-01-20
2322,284,41.1,2024-03-20
2323,486,95.98,2024-02-25
2324,276,168.09,2024-06-27
2325,433,175.16,2024-02-22
2326,185,14.61,2024-02-18
2327,210,36.38,2024-01-04
2328,121,58.68,2024-01-18
2329,216,121.0,2024-02-05
2330,97,75.39,2024-04-26
2331,443,169.59,2024-02-04
2332,119,144.75,2024-01-30
2333,365,24.59,2024-04-27
2334,282,126.79,2024-03-03
2335,403,27.04,2024-03-22
2336,496,54.73,2024-05-28
2337,106,39.68,2024-06-28
2338,397,38.75,2024-03-09
2339,458,125.2,2024-05-04
2340,318,114.9,2024-06-17
2341,382,39.33,2024-02-23
2342,142,198.08,2024-03-27
2343,457,87.26,2024-06-06
2344,395,23.93,2024-02-25
2345,323,28.51,2024-03-19
2346,488,118.86,2024-06-17
2347,268,195.92,2024-05-21
2348,291,116.53,2024-05-28
2349,487,190.06,2024-04-29
2350,366,91.61,2024-01-25
2351,167,89.99,2024-06-26
2352,160,102.5,2024-04-18
2353,231,141.0,2024-04-04
2354,14,76.69,2024-02-22
2355,492,173.46,2024-02-17
2356,193,10.71,2024-03-10
2357,155,90.75,2024-06-24
2358,101,104.64,2024-05-11
2359,60,123.37,2024-05-31
2360,43,58.83,2024-06-07
2361,193,88.36,2024-03-23
2362,311,99.48,2024-06-05
2363,109,138.95,2024-05-12
2364,93,155.84,2024-03-22
2365,216,148.88,2024-04-13
2366,465,71.61,2024-03-15
2367,163,199.89,2024-03-29
2368,351,170.49,2024-03-04
2369,234,55.7,2024-02-04
2370,416,43.05,2024-01-12
2371,403,66.23,2024-06-23
2372,351,93.21,2024-03-30
2373,167,170.91,2024-02-24
2374,148,156.78,2024-04-21
2375,28,170.99,2024-03-09
2376,259,58.03,2024-03-31
2377,416,120.72,2024-02-07
2378,86,60.23,2024-01-29
2379,108,26.26,2024-01-12
2380,442,138.42,2024-05-26
2381,438,32.88,2024-05-16
2382,426,135.2,2024-03-22
2383,117,131.35,2024-06-05
2384,364,163.0,2024-01-03
2385,15,32.21,2024-03-27
2386,486,157.78,2024-06-06
2387,211,199.86,2024-03-28
2388,318,170.95,2024-02-22
2389,31,151.6,2024-04-10
2390,445,134.12,2024-01-04
2391,282,87.25,2024-02-26
2392,453,147.45,2024-01-28
2393,185,146.21,2024-01-16
2394,404,128.14,2024-01-13
2395,66,160.27,2024-02-22
2396,405,92.51,2024-02-17
2397,371,28.64,2024-01-25
2398,316,114.02,2024-03-06
2399,63,56.68,2024-06-06
2400,435,79.96,2024-04-13
2401,228,8.4,2024-01-03
2402,476,79.64,2024-05-30
2403,468,162.72,2024-06-05
2404,101,110.83,2024-06-17
2405,423,6.91,2024-04-03
2406,356,96.62,2024-01-11
2407,139,61.83,2024-01-21
2408,119,98.12,2024-05-06
2409,57,83.92,2024-03-31
2410,131,186.74,2024-05-31
2411,37,13.03,2024-04-04
2412,468,138.3,2024-04-03
2413,480,170.95,2024-05-08
2414,111,192.05,2024-04-21
2415,153,39.64,2024-02-03
2416,405,108.6,2024-03-20
2417,250,13.5,2024-03-23
2418,242,102.34,2024-01-29
2419,208,29.46,2024-05-10
2420,368,168.39,2024-01-11
2421,170,27.2,2024-05-15
2422,257,105.09,2024-03-02
2423,279,106.61,2024-04-12
2424,363,194.47,2024-02-02
2425,113,132.72,2024-05-15
2426,408,61.13,2024-06-01
2427,175,51.96,2024-03-28
2428,89,30.01,2024-06-02
2429,135,152.52,2024-06-02
2430,294,139.7,2024-01-17
2431,495,123.93,2024-03-31
2432,303,12.96,2024-06-05
2433,359,153.75,2024-02-12
2434,419,130.17,2024-03-13
2435,206,192.96,2024-01-05
2436,318,119.5,2024-06-26
2437,73,64.27,2024-02-25
2438,259,79.4,2024-02-26
2439,358,39.29,2024-06-21
2440,148,145.97,2024-06-13
2441,489,143.01,2024-03-12
2442,225,44.13,2024-03-19
2443,105,35.91,2024-02-05
2444,44,20.02,2024-06-09
2445,416,182.84,2024-05-13
2446,356,50.45,2024-04-24
2447,26,72.11,2024-03-11
2448,304,59.7,2024-06-21
2449,261,85.66,2024-04-01
2450,59,144.24,2024-05-14
2451,61,174.77,2024-04-14
2452,305,40.61,2024-03-05
2453,414,138.85,2024-01-24
2454,401,73.75,2024-02-14
2455,70,196.2,2024-05-26
2456,442,63.29,2024-04-26
2457,447,6.4,2024-06-08
2458,445,105.55,2024-01-30
2459,447,34.39,2024-03-05
2460,271,13.68,2024-06-08
2461,257,141.16,2024-05-27
2462,397,147.79,2024-03-25
2463,432,94.84,2024-03-23
2464,384,136.99,2024-04-23
2465,418,109.96,2024-04-05
2466,125,127.81,2024-06-06
2467,414,121.36,2024-03-27
2468,19,134.84,2024-03-07
2469,119,43.93,2024-01-31
2470,320,57.4,2024-03-06
2471,66,90.79,2024-02-23
2472,245,91.99,2024-01-10
2473,57,156.01,2024-06-14
2474,44,76.64,2024-03-23
2475,12,36.69,2024-06-07
2476,378,54.04,2024-01-29
2477,424,46.87,2024-06-01
2478,236,147.67,2024-02-01
2479,24,96.72,2024-01-17
2480,395,143.18,2024-04-24
2481,450,86.16,2024-02-14
2482,257,178.5,2024-02-18
2483,442,196.79,2024-03-27
2484,284,135.62,2024-05-25
2485,324,173.44,2024-03-15
2486,361,104.05,2024-05-02
2487,251,187.25,2024-05-03
2488,94,167.16,2024-02-21
2489,380,198.4,2024-05-27
2490,443,126.5,2024-05-20
2491,455,156.95,2024-03-28
2492,380,110.86,2024-06-19
2493,22,55.53,2024-03-24
2494,474,74.18,2024-04-15
2495,157,179.33,2024-04-01
2496,89,15.91,2024-04-08
2497,202,120.34,2024-01-21
2498,468,77.63,2024-01-06
2499,462,80.41,2024-02-22
2500,481,177.49,2024-03-27
2501,197,171.5,2024-06-28
2502,45,121.77,2024-03-26
2503,454,58.22,2024-05-16
2504,470,97.71,2024-04-05
2505,380,84.62,2024-06-22
2506,401,73.96,2024-04-22
2507,79,25.04,2024-03-11
2508,39,110.91,2024-06-06
2509,424,63.86,2024-02-12
2510,284,133.86,2024-06-14
2511,386,67.24,2024-02-03
2512,466,89.08,2024-02-15
2513,155,15.21,2024-02-01
2514,149,198.54,2024-05-23
2515,343,103.98,2024-06-15
2516,391,9.73,2024-01-01
2517,445,110.54,2024-01-20
2518,52,174.72,2024-06-18
2519,251,155.65,2024-03-12
2520,432,141.68,2024-06-10
2521,382,32.2,2024-06-26
2522,147,133.26,2024-01-11
2523,329,154.43,2024-04-16
2524,396,116.62,2024-02-12
2525,494,179.09,2024-01-10
2526,350,59.01,2024-01-08
2527,455,52.22,2024-01-19
2528,258,174.57,2024-02-24
2529,273,126.95,2024-06-28
2530,459,5.28,2024-01-03
2531,498,73.86,2024-02-22
2532,125,172.28,2024-02-13
2533,204,10.33,2024-04-05
2534,256,5.63,2024-02-17
2535,131,59.85,2024-02-23
2536,21,183.23,2024-05-23
2537,78,180.79,2024-06-06
2538,335,106.16,2024-04-01
2539,51,112.88,2024-06-04
2540,362,69.74,2024-05-23
2541,361,52.53,2024-02-20
2542,266,163.97,2024-06-09
2543,116,25.73,2024-06-01
2544,55,100.03,2024-01-18
2545,292,128.71,2024-05-05
2546,51,25.22,2024-06-02
2547,330,106.32,2024-01-06
2548,273,117.62,2024-06-14
2549,254,149.79,2024-06-20
2550,492,50.79,2024-06-19
2551,473,62.2,2024-05-13
2552,61,116.06,2024-03-18
2553,347,196.71,2024-03-22
2554,481,47.41,2024-03-20
2555,459,197.25,2024-03-28
2556,397,144.3,2024-01-13
2557,449,166.09,2024-03-05
2558,351,22.48,2024-06-14
2559,225,63.58,2024-03-04
2560,469,16.26,2024-01-14
2561,336,77.45,2024-05-24
2562,103,196.35,2024-04-30
2563,471,25.53,2024-03-17
2564,458,114.66,2024-01-13
2565,48,6.18,2024-03-13
2566,225,143.97,2024-05-13
2567,342,43.45,2024-01-06
2568,233,30.27,2024-04-30
2569,70,70.72,2024-04-03
2570,47,155.35,2024-06-13
2571,228,25.79,2024-02-26
2572,495,49.82,2024-02-22
2573,10,6.65,2024-02-15
2574,185,193.84,2024-03-18
2575,80,120.47,2024-05-11
2576,13,145.38,2024-02-03
2577,499,132.02,2024-02-11
2578,445,33.15,2024-03-18
2579,314,121.01,2024-03-04
2580,340,30.63,2024-05-24
2581,324,83.24,2024-04-27
2582,84,115.95,2024-01-30
2583,86,113.98,2024-06-19
2584,157,28.22,2024-04-02
2585,144,11.72,2024-01-07
2586,491,160.66,2024-06-22
2587,63,146.55,2024-01-23
2588,431,20.95,2024-02-05
2589,43,29.85,2024-05-21
2590,407,179.05,2024-05-27
2591,158,154.98,2024-04-25
2592,185,199.25,2024-03-21
2593,286,54.53,2024-06-08
2594,491,100.12,2024-01-25
2595,323,51.11,2024-04-24
2596,440,126.45,2024-04-03
2597,24,27.51,2024-02-18
2598,497,29.81,2024-01-27
2599,357,19.02,2024-06-03
2600,205,140.25,2024-06-22
2601,362,101.34,2024-04-04
2602,224,125.46,2024-06-21
2603,101,176.46,2024-06-02
2604,204,149.36,2024-01-14
2605,8,95.04,2024-05-01
2606,472,196.95,2024-02-17
2607,172,93.97,2024-05-07
2608,208,26.93,2024-03-25
2609,96,198.57,2024-04-01
2610,162,9.45,2024-01-15
2611,291,112.23,2024-02-20
2612,96,65.27,2024-02-23
2613,306,103.19,2024-05-18
2614,145,113.95,2024-04-17
2615,258,51.82,2024-03-15
2616,474,113.59,2024-01-28
2617,438,152.43,2024-06-02
2618,300,56.97,2024-05-07
2619,465,79.77,2024-03-10
2620,102,57.31,2024-06-08
2621,177,165.01,2024-06-24
2622,386,146.37,2024-04-05
2623,328,174.88,2024-05-19
2624,110,38.16,2024-04-12
2625,198,19.35,2024-06-10
2626,393,28.28,2024-03-27
2627,129,36.4,2024-04-14
2628,453,108.95,2024-04-18
2629,359,194.33,2024-03-21
2630,137,74.66,2024-02-14
2631,398,191.91,2024-04-21
2632,27,12.45,2024-02-29
2633,137,185.74,2024-03-11
2634,164,40.32,2024-01-13
2635,349,182.93,2024-03-18
2636,468,15.96,2024-06-24
2637,463,189.9,2024-05-04
2638,356,44.16,2024-06-25
2639,131,64.03,2024-04-07
2640,373,100.73,2024-03-31
2641,151,79.24,2024-03-29
2642,378,135.17,2024-04-08
2643,246,195.09,2024-03-13
2644,110,123.25,2024-03-10
2645,73,145.69,2024-06-02
2646,286,22.16,2024-02-08
2647,275,127.42,2024-01-27
2648,358,93.5,2024-02-09
2649,67,177.73,2024-05-02
2650,50,80.7,2024-01-31
2651,304,137.49,2024-05-10
2652,3,49.49,2024-01-15
2653,226,55.58,2024-03-10
2654,66,78.34,2024-01-11
2655,155,64.29,2024-01-30
2656,471,54.51,2024-02-04
2657,362,14.69,2024-04-21
2658,480,168.17,2024-02-12
2659,111,17.54,2024-06-16
2660,483,178.04,2024-04-02
2661,296,29.47,2024-06-18
2662,381,17.73,2024-06-18
2663,256,114.79,2024-04-28
2664,274,102.98,2024-01-03
2665,155,100.79,2024-03-30
2666,139,117.03,2024-03-18
2667,167,60.98,2024-03-23
2668,19,134.28,2024-03-25
2669,345,102.97,2024-05-03
2670,391,70.27,2024-05-28
2671,223,166.17,2024-03-17
2672,57,146.91,2024-04-14
2673,386,81.75,2024-02-22
2674,294,170.29,2024-02-13
2675,133,184.45,2024-02-15
2676,462,109.69,2024-02-06
2677,338,46.92,2024-02-07
2678,292,183.58,2024-04-18
2679,452,41.95,2024-04-18
2680,344,14.44,2024-03-28
2681,205,68.86,2024-06-14
2682,119,146.76,2024-01-11
2683,253,185.04,2024-04-02
2684,85,129.27,2024-06-21
2685,185,190.61,2024-03-04
2686,225,23.01,2024-06-20
2687,148,16.85,2024-05-05
2688,389,122.82,2024-04-21
2689,280,193.39,2024-04-14
2690,227,103.03,2024-03-02
2691,286,15.05,2024-03-01
2692,284,48.14,2024-03-30
2693,181,52.73,2024-01-12
2694,435,70.88,2024-05-16
2695,109,13.5,2024-03-14
2696,135,181.45,2024-04-16
2697,426,105.53,2024-05-09
2698,291,135.83,2024-05-15
2699,375,18.1,2024-04-25
2700,478,15.55,2024-02-12
2701,290,119.36,2024-05-25
2702,103,178.02,2024-06-28
2703,201,108.05,2024-02-08
2704,117,176.17,2024-01-31
2705,332,163.14,2024-05-21
2706,310,19.79,2024-03-04
2707,29,44.38,2024-04-12
2708,394,133.25,2024-04-06
2709,27,91.48,2024-02-13
2710,467,61.69,2024-04-06
2711,13,86.63,2024-01-02
2712,42,91.81,2024-06-08
2713,421,182.56,2024-02-05
2714,445,25.17,2024-02-24
2715,224,59.55,2024-04-23
2716,463,109.83,2024-03-27
2717,21,141.17,2024-03-09
2718,387,127.97,2024-04-20
2719,136,188.62,2024-03-20
2720,326,160.14,2024-02-09
2721,221,113.63,2024-01-24
2722,467,46.86,2024-04-26
2723,145,92.92,2024-04-13
2724,10,140.21,2024-06-04
2725,225,168.4,2024-03-02
2726,141,192.15,2024-06-01
2727,475,123.06,2024-01-07
2728,106,107.75,2024-02-07
2729,268,8.45,2024-04-28
2730,194,19.06,2024-03-26
2731,458,35.44,2024-03-26
2732,128,15.68,2024-03-31
2733,213,83.17,2024-04-30
2734,151,70.69,2024-04-06
2735,449,129.28,2024-06-21
2736,481,109.45,2024-06-08
2737,384,121.21,2024-04-12
2738,180,97.04,2024-06-08
2739,317,59.16,2024-01-01
2740,26,190.8,2024-02-14
2741,15,21.85,2024-03-04
2742,22,188.08,2024-05-14
2743,345,65.69,2024-06-14
2744,65,104.97,2024-03-10
2745,251,26.22,2024-03-15
2746,410,18.83,2024-03-13
2747,21,88.76,2024-06-06
2748,233,149.63,2024-05-29
2749,408,57.53,2024-03-13
2750,487,114.66,2024-02-24
2751,16,59.34,2024-02-15
2752,416,80.78,2024-04-06
2753,272,181.76,2024-06-02
2754,205,171.89,2024-05-16
2755,298,105.62,2024-01-15
2756,160,51.43,2024-05-26
2757,434,42.67,2024-05-23
2758,41,191.05,2024-01-25
2759,108,44.53,2024-04-08
2760,125,162.59,2024-06-27
2761,152,76.95,2024-03-17
2762,13,197.2,2024-06-22
2763,203,76.79,2024-01-07
2764,79,73.55,2024-02-03
2765,394,129.31,2024-02-27
2766,42,192.5,2024-03-18
2767,169,195.36,2024-01-23
2768,249,142.91,2024-05-30
2769,121,152.15,2024-05-24
2770,387,114.86,2024-05-20
2771,439,152.38,2024-05-01
2772,272,172.66,2024-01-27
2773,300,99.79,2024-03-06
2774,209,125.87,2024-04-10
2775,473,109.78,2024-06-06
2776,158,114.68,2024-05-11
2777,495,178.56,2024-04-03
2778,121,74.35,2024-03-07
2779,227,45.6,2024-05-21
2780,421,93.97,2024-01-11
2781,444,45.58,2024-02-09
2782,461,102.19,2024-05-10
2783,24,181.18,2024-01-01
2784,230,125.4,2024-01-09
2785,26,171.81,2024-04-21
2786,58,37.41,2024-03-13
2787,265,180.67,2024-05-03
2788,126,122.35,2024-03-16
2789,445,11.19,2024-05-08
2790,275,128.46,2024-05-23
2791,28,190.52,2024-04-03
2792,391,20.44,2024-03-12
2793,301,118.58,2024-02-15
2794,470,183.52,2024-05-17
2795,128,6.89,2024-06-09
2796,94,128.03,2024-04-11
2797,191,97.61,2024-02-10
2798,421,72.66,2024-06-27
2799,272,127.37,2024-01-22
2800,484,15.28,2024-05-23
2801,5,151.85,2024-03-23
2802,157,5.87,2024-03-15
2803,52,64.85,2024-01-14
2804,243,103.27,2024-06-02
2805,151,78.52,2024-06-20
2806,262,64.96,2024-05-27
2807,420,167.01,2024-05-12
2808,441,187.29,2024-01-11
2809,417,175.37,2024-02-16
2810,305,106.87,2024-01-10
2811,425,177.41,2024-03-01
2812,80,184.57,2024-04-20
2813,183,84.8,2024-02-14
2814,354,60.27,2024-02-16
2815,107,24.16,2024-06-10
2816,154,98.42,2024-04-27
2817,293,189.53,2024-05-20
2818,205,114.38,2024-01-23
2819,116,135.17,2024-02-05
2820,17,27.01,2024-03-16
2821,480,32.99,2024-06-23
2822,288,95.57,2024-04-18
2823,156,190.5,2024-03-24
2824,477,75.35,2024-03-20
2825,25,176.11,2024-01-14
2826,431,28.46,2024-03-06
2827,278,125.32,2024-06-25
2828,475,122.12,2024-01-16
2829,317,172.68,2024-02-12
2830,126,5.65,2024-04-11
2831,300,42.04,2024-04-22
2832,358,47.84,2024-01-09
2833,276,190.24,2024-05-28
2834,365,34.97,2024-03-22
2835,178,12.21,2024-04-19
2836,344,109.22,2024-04-07
2837,431,108.07,2024-03-24
2838,47,169.59,2024-02-12
2839,200,190.03,2024-03-06
2840,51,110.02,2024-05-11
2841,439,186.35,2024-05-02
2842,462,146.41,2024-04-18
2843,295,56.59,2024-04-11
2844,270,186.04,2024-05-14
2845,197,135.15,2024-03-26
2846,431,85.75,2024-03-24
2847,21,137.65,2024-01-04
2848,143,83.26,2024-05-03
2849,248,27.27,2024-01-20
2850,356,145.2,2024-02-04
2851,353,165.7,2024-04-06
2852,465,147.12,2024-06-21
2853,468,49.68,2024-01-14
2854,1,191.54,2024-05-29
2855,464,9.92,2024-02-17
2856,365,69.87,2024-06-06
2857,338,55.72,2024-01-29
2858,394,14.38,2024-02-05
2859,407,84.12,2024-02-11
2860,274,126.51,2024-01-29
2861,241,177.1,2024-05-14
2862,58,197.99,2024-06-08
2863,126,162.58,2024-05-20
2864,329,96.39,2024-05-20
2865,366,146.12,2024-05-21
2866,478,169.51,2024-05-13
2867,461,95.73,2024-05-23
2868,52,158.09,2024-02-10
2869,500,99.12,2024-06-28
2870,223,80.37,2024-04-21
2871,302,107.59,2024-03-25
2872,363,136.79,2024-04-17
2873,269,146.74,2024-05-23
2874,96,74.56,2024-01-05
2875,273,116.41,2024-05-31
2876,323,182.42,2024-06-19
2877,61,195.38,2024-01-10
2878,321,49.31,2024-02-04
2879,181,42.6,2024-01-31
2880,133,136.95,2024-04-29
2881,416,85.86,2024-03-19
2882,89,9.72,2024-05-18
2883,173,72.64,2024-01-09
2884,312,162.32,2024-02-13
2885,5,160.5,2024-04-25
2886,357,101.46,2024-05-23
2887,343,97.15,2024-04-29
2888,204,118.0,2024-06-24
2889,162,47.78,2024-02-22
2890,61,107.58,2024-03-05
2891,471,7.15,2024-06-24
2892,464,97.73,2024-03-10
2893,497,70.53,2024-02-15
2894,190,136.6,2024-04-30
2895,325,129.48,2024-04-30
2896,63,79.26,2024-02-02
2897,44,6.42,2024-06-28
2898,239,54.19,2024-03-21
2899,28,128.5,2024-02-24
2900,198,19.11,2024-06-27
2901,269,25.99,2024-04-07
2902,171,131.17,2024-04-19
2903,30,152.37,2024-06-16
2904,154,67.7,2024-06-01
2905,209,100.49,2024-05-29
2906,63,189.41,2024-05-04
2907,329,189.38,2024-03-31
2908,57,64.96,2024-02-07
2909,320,162.95,2024-05-16
2910,208,120.82,2024-02-06
2911,433,195.22,2024-01-05
2912,308,98.13,2024-03-22
2913,63,156.07,2024-05-29
2914,248,154.79,2024-04-19
2915,466,102.0,2024-05-19
2916,141,160.15,2024-02-29
2917,93,55.9,2024-06-20
2918,107,28.84,2024-05-29
2919,365,87.91,2024-01-06
2920,88,189.01,2024-01-27
2921,301,102.65,2024-02-24
2922,108,128.88,2024-05-22
2923,46,126.71,2024-03-04
2924,77,30.85,2024-01-17
2925,217,81.11,2024-01-03
2926,169,142.85,2024-01-10
2927,302,194.54,2024-03-03
2928,129,37.76,2024-03-29
2929,201,85.04,2024-03-25
2930,196,23.54,2024-04-13
2931,348,52.26,2024-05-16
2932,268,78.47,2024-05-31
2933,88,110.43,2024-02-01
2934,253,49.96,2024-01-03
2935,238,49.37,2024-06-09
2936,73,156.68,2024-06-19
2937,419,192.72,2024-04-18
2938,358,68.1,2024-05-19
2939,355,139.16,2024-04-02
2940,161,55.33,2024-04-12
2941,58,185.95,2024-04-06
2942,384,136.22,2024-06-08
2943,373,161.52,2024-05-27
2944,291,14.62,2024-03-08
2945,430,121.71,2024-05-24
2946,340,107.88,2024-05-26
2947,66,62.13,2024-05-11
2948,428,56.17,2024-04-02
2949,26,118.1,2024-01-17
2950,298,142.76,2024-01-22
2951,77,11.47,2024-06-18
2952,286,115.64,2024-06-21
2953,372,38.24,2024-01-11
2954,416,32.37,2024-01-29
2955,36,126.51,2024-01-20
2956,19,65.62,2024-01-05
2957,278,90.97,2024-06-01
2958,321,75.2,2024-02-03
2959,313,131.43,2024-05-19
2960,267,96.67,2024-01-28
2961,282,192.87,2024-04-07
2962,432,73.71,2024-01-06
2963,19,149.36,2024-01-19
2964,339,55.17,2024-01-12
2965,140,104.21,2024-01-25
2966,67,112.75,2024-01-13
2967,312,69.18,2024-03-16
2968,18,97.0,2024-01-03
2969,369,59.46,2024-01-24
2970,261,6.17,2024-01-08
2971,112,47.05,2024-04-21
2972,408,141.51,2024-04-29
2973,462,155.34,2024-05-02
2974,115,59.64,2024-03-30
2975,166,84.57,2024-02-14
2976,67,12.29,2024-01-01
2977,255,51.23,2024-01-03
2978,70,156.95,2024-03-05
2979,460,123.17,2024-01-15
2980,308,45.13,2024-02-19
2981,203,55.2,2024-05-27
2982,127,164.28,2024-05-10
2983,423,45.77,2024-05-22
2984,443,70.16,2024-05-03
2985,410,134.55,2024-02-06
2986,321,114.42,2024-05-28
2987,80,94.87,2024-04-15
2988,176,180.45,2024-04-12
2989,113,47.84,2024-05-30
2990,111,149.58,2024-04-30
2991,309,36.02,2024-04-08
2992,137,125.07,2024-05-25
2993,133,174.77,2024-01-17
2994,372,94.29,2024-06-07
2995,328,146.24,2024-02-17
2996,189,164.98,2024-01-26
2997,277,31.53,2024-01-22
2998,225,142.64,2024-05-04
2999,103,184.37,2024-06-21
3000,107,117.39,2024-06-12
